task; start_time; stop_time; stage; iteration; instance
54f87f4f2330e05385b34c1d; 2015-03-05 16:13:10.301000; 2015-03-05 16:13:42.554000; pre_loop
54f880b82330e05385b34c1e; 2015-03-05 16:13:59.531000; 2015-03-05 16:14:15.609000; sim ;1 ;1
54f880b82330e05385b34c1f; 2015-03-05 16:13:58.880000; 2015-03-05 16:14:12.712000; sim ;1 ;2
54f880b82330e05385b34c20; 2015-03-05 16:13:55.368000; 2015-03-05 16:14:08.870000; sim ;1 ;3
54f880b82330e05385b34c21; 2015-03-05 16:14:00.476000; 2015-03-05 16:14:15.636000; sim ;1 ;4
54f880b82330e05385b34c22; 2015-03-05 16:13:55.018000; 2015-03-05 16:14:08.862000; sim ;1 ;5
54f880b92330e05385b34c23; 2015-03-05 16:13:55.132000; 2015-03-05 16:14:08.865000; sim ;1 ;6
54f880b92330e05385b34c24; 2015-03-05 16:13:55.700000; 2015-03-05 16:14:08.390000; sim ;1 ;7
54f880b92330e05385b34c25; 2015-03-05 16:13:55.929000; 2015-03-05 16:14:08.880000; sim ;1 ;8
54f880b92330e05385b34c26; 2015-03-05 16:13:56.154000; 2015-03-05 16:14:08.883000; sim ;1 ;9
54f880b92330e05385b34c27; 2015-03-05 16:14:13.645000; 2015-03-05 16:14:23.262000; sim ;1 ;10
54f880b92330e05385b34c28; 2015-03-05 16:13:56.837000; 2015-03-05 16:14:08.894000; sim ;1 ;11
54f880b92330e05385b34c29; 2015-03-05 16:14:35.463000; 2015-03-05 16:14:45.211000; sim ;1 ;12
54f880b92330e05385b34c2a; 2015-03-05 16:13:59.405000; 2015-03-05 16:14:12.142000; sim ;1 ;13
54f880b92330e05385b34c2b; 2015-03-05 16:13:55.247000; 2015-03-05 16:14:08.867000; sim ;1 ;14
54f880b92330e05385b34c2c; 2015-03-05 16:13:55.482000; 2015-03-05 16:14:08.384000; sim ;1 ;15
54f880b92330e05385b34c2d; 2015-03-05 16:13:55.813000; 2015-03-05 16:14:08.877000; sim ;1 ;16
54f880b92330e05385b34c2e; 2015-03-05 16:13:57.874000; 2015-03-05 16:14:14.994000; sim ;1 ;17
54f880b92330e05385b34c2f; 2015-03-05 16:14:31.800000; 2015-03-05 16:14:40.050000; sim ;1 ;18
54f880b92330e05385b34c30; 2015-03-05 16:14:20.590000; 2015-03-05 16:14:28.245000; sim ;1 ;19
54f880b92330e05385b34c31; 2015-03-05 16:13:59.755000; 2015-03-05 16:14:15.003000; sim ;1 ;20
54f880b92330e05385b34c32; 2015-03-05 16:13:59.876000; 2015-03-05 16:14:15.618000; sim ;1 ;21
54f880b92330e05385b34c33; 2015-03-05 16:13:59.999000; 2015-03-05 16:14:15.624000; sim ;1 ;22
54f880b92330e05385b34c34; 2015-03-05 16:14:01.353000; 2015-03-05 16:14:14.702000; sim ;1 ;23
54f880b92330e05385b34c35; 2015-03-05 16:13:57.521000; 2015-03-05 16:14:12.685000; sim ;1 ;24
54f880b92330e05385b34c36; 2015-03-05 16:13:57.994000; 2015-03-05 16:14:13.240000; sim ;1 ;25
54f880b92330e05385b34c37; 2015-03-05 16:14:00.123000; 2015-03-05 16:14:15.013000; sim ;1 ;26
54f880b92330e05385b34c38; 2015-03-05 16:14:00.246000; 2015-03-05 16:14:15.026000; sim ;1 ;27
54f880b92330e05385b34c39; 2015-03-05 16:14:08.763000; 2015-03-05 16:14:17.869000; sim ;1 ;28
54f880b92330e05385b34c3a; 2015-03-05 16:14:00.610000; 2015-03-05 16:14:15.645000; sim ;1 ;29
54f880b92330e05385b34c3b; 2015-03-05 16:14:00.745000; 2015-03-05 16:14:15.653000; sim ;1 ;30
54f880b92330e05385b34c3c; 2015-03-05 16:14:00.862000; 2015-03-05 16:14:15.034000; sim ;1 ;31
54f880b92330e05385b34c3d; 2015-03-05 16:14:00.987000; 2015-03-05 16:14:15.660000; sim ;1 ;32
54f880b92330e05385b34c3e; 2015-03-05 16:14:28.127000; 2015-03-05 16:14:36.493000; sim ;1 ;33
54f880b92330e05385b34c3f; 2015-03-05 16:14:01.114000; 2015-03-05 16:14:15.041000; sim ;1 ;34
54f880b92330e05385b34c40; 2015-03-05 16:14:01.480000; 2015-03-05 16:14:14.707000; sim ;1 ;35
54f880b92330e05385b34c41; 2015-03-05 16:14:01.616000; 2015-03-05 16:14:15.668000; sim ;1 ;36
54f880b92330e05385b34c42; 2015-03-05 16:14:01.744000; 2015-03-05 16:14:15.049000; sim ;1 ;37
54f880b92330e05385b34c43; 2015-03-05 16:13:56.954000; 2015-03-05 16:14:08.897000; sim ;1 ;38
54f880b92330e05385b34c44; 2015-03-05 16:14:01.878000; 2015-03-05 16:14:17.862000; sim ;1 ;39
54f880b92330e05385b34c45; 2015-03-05 16:13:56.271000; 2015-03-05 16:14:09.817000; sim ;1 ;40
54f880b92330e05385b34c46; 2015-03-05 16:14:02.005000; 2015-03-05 16:14:17.040000; sim ;1 ;41
54f880b92330e05385b34c47; 2015-03-05 16:13:57.754000; 2015-03-05 16:14:12.690000; sim ;1 ;42
54f880b92330e05385b34c48; 2015-03-05 16:14:02.144000; 2015-03-05 16:14:17.048000; sim ;1 ;43
54f880b92330e05385b34c49; 2015-03-05 16:13:59.265000; 2015-03-05 16:14:12.133000; sim ;1 ;44
54f880b92330e05385b34c4a; 2015-03-05 16:14:03.503000; 2015-03-05 16:14:16.697000; sim ;1 ;45
54f880b92330e05385b34c4b; 2015-03-05 16:14:03.644000; 2015-03-05 16:14:17.105000; sim ;1 ;46
54f880b92330e05385b34c4c; 2015-03-05 16:13:59.135000; 2015-03-05 16:14:12.128000; sim ;1 ;47
54f880b92330e05385b34c4d; 2015-03-05 16:14:03.784000; 2015-03-05 16:14:17.113000; sim ;1 ;48
54f880b92330e05385b34c4e; 2015-03-05 16:14:02.270000; 2015-03-05 16:14:17.056000; sim ;1 ;49
54f880b92330e05385b34c4f; 2015-03-05 16:14:03.011000; 2015-03-05 16:14:17.084000; sim ;1 ;50
54f880b92330e05385b34c50; 2015-03-05 16:14:11.416000; 2015-03-05 16:14:21.869000; sim ;1 ;51
54f880b92330e05385b34c51; 2015-03-05 16:14:10.323000; 2015-03-05 16:14:21.040000; sim ;1 ;52
54f880b92330e05385b34c52; 2015-03-05 16:14:13.917000; 2015-03-05 16:14:23.017000; sim ;1 ;53
54f880b92330e05385b34c53; 2015-03-05 16:14:12.004000; 2015-03-05 16:14:19.239000; sim ;1 ;54
54f880b92330e05385b34c54; 2015-03-05 16:14:10.808000; 2015-03-05 16:14:21.572000; sim ;1 ;55
54f880b92330e05385b34c55; 2015-03-05 16:14:10.206000; 2015-03-05 16:14:20.704000; sim ;1 ;56
54f880b92330e05385b34c56; 2015-03-05 16:14:10.564000; 2015-03-05 16:14:21.325000; sim ;1 ;57
54f880b92330e05385b34c57; 2015-03-05 16:14:19.511000; 2015-03-05 16:14:27.877000; sim ;1 ;58
54f880b92330e05385b34c58; 2015-03-05 16:14:04.047000; 2015-03-05 16:14:17.121000; sim ;1 ;59
54f880b92330e05385b34c59; 2015-03-05 16:14:13.140000; 2015-03-05 16:14:22.290000; sim ;1 ;60
54f880b92330e05385b34c5a; 2015-03-05 16:14:03.915000; 2015-03-05 16:14:19.890000; sim ;1 ;61
54f880b92330e05385b34c5b; 2015-03-05 16:14:03.136000; 2015-03-05 16:14:17.091000; sim ;1 ;62
54f880b92330e05385b34c5c; 2015-03-05 16:14:10.927000; 2015-03-05 16:14:21.855000; sim ;1 ;63
54f880b92330e05385b34c5d; 2015-03-05 16:14:14.060000; 2015-03-05 16:14:23.563000; sim ;1 ;64
54f880b92330e05385b34c5e; 2015-03-05 16:13:56.390000; 2015-03-05 16:14:08.886000; sim ;1 ;65
54f880b92330e05385b34c5f; 2015-03-05 16:14:22.188000; 2015-03-05 16:14:31.903000; sim ;1 ;66
54f880b92330e05385b34c60; 2015-03-05 16:14:22.569000; 2015-03-05 16:14:32.545000; sim ;1 ;67
54f880b92330e05385b34c61; 2015-03-05 16:14:10.091000; 2015-03-05 16:14:20.698000; sim ;1 ;68
54f880b92330e05385b34c62; 2015-03-05 16:14:21.468000; 2015-03-05 16:14:30.852000; sim ;1 ;69
54f880b92330e05385b34c63; 2015-03-05 16:14:21.755000; 2015-03-05 16:14:31.136000; sim ;1 ;70
54f880b92330e05385b34c64; 2015-03-05 16:14:24.950000; 2015-03-05 16:14:35.159000; sim ;1 ;71
54f880b92330e05385b34c65; 2015-03-05 16:14:09.717000; 2015-03-05 16:14:20.692000; sim ;1 ;72
54f880b92330e05385b34c66; 2015-03-05 16:14:14.461000; 2015-03-05 16:14:23.570000; sim ;1 ;73
54f880b92330e05385b34c67; 2015-03-05 16:14:25.846000; 2015-03-05 16:14:34.245000; sim ;1 ;74
54f880b92330e05385b34c68; 2015-03-05 16:14:26.265000; 2015-03-05 16:14:35.163000; sim ;1 ;75
54f880b92330e05385b34c69; 2015-03-05 16:13:56.508000; 2015-03-05 16:14:08.888000; sim ;1 ;76
54f880b92330e05385b34c6a; 2015-03-05 16:13:56.722000; 2015-03-05 16:14:08.891000; sim ;1 ;77
54f880b92330e05385b34c6b; 2015-03-05 16:14:26.909000; 2015-03-05 16:14:35.807000; sim ;1 ;78
54f880b92330e05385b34c6c; 2015-03-05 16:14:27.205000; 2015-03-05 16:14:36.044000; sim ;1 ;79
54f880b92330e05385b34c6d; 2015-03-05 16:14:27.510000; 2015-03-05 16:14:36.050000; sim ;1 ;80
54f880b92330e05385b34c6e; 2015-03-05 16:14:27.760000; 2015-03-05 16:14:36.480000; sim ;1 ;81
54f880b92330e05385b34c6f; 2015-03-05 16:14:28.483000; 2015-03-05 16:14:37.473000; sim ;1 ;82
54f880b92330e05385b34c70; 2015-03-05 16:14:22.792000; 2015-03-05 16:14:32.831000; sim ;1 ;83
54f880b92330e05385b34c71; 2015-03-05 16:14:22.918000; 2015-03-05 16:14:33.060000; sim ;1 ;84
54f880b92330e05385b34c72; 2015-03-05 16:14:23.162000; 2015-03-05 16:14:33.582000; sim ;1 ;85
54f880b92330e05385b34c73; 2015-03-05 16:14:23.463000; 2015-03-05 16:14:33.810000; sim ;1 ;86
54f880b92330e05385b34c74; 2015-03-05 16:14:20.168000; 2015-03-05 16:14:25.720000; sim ;1 ;87
54f880b92330e05385b34c75; 2015-03-05 16:14:23.906000; 2015-03-05 16:14:34.237000; sim ;1 ;88
54f880b92330e05385b34c76; 2015-03-05 16:14:24.236000; 2015-03-05 16:14:34.522000; sim ;1 ;89
54f880b92330e05385b34c77; 2015-03-05 16:14:24.475000; 2015-03-05 16:14:34.762000; sim ;1 ;90
54f880b92330e05385b34c78; 2015-03-05 16:14:26.396000; 2015-03-05 16:14:35.172000; sim ;1 ;91
54f880b92330e05385b34c79; 2015-03-05 16:14:24.706000; 2015-03-05 16:14:34.766000; sim ;1 ;92
54f880b92330e05385b34c7a; 2015-03-05 16:14:25.077000; 2015-03-05 16:14:32.551000; sim ;1 ;93
54f880b92330e05385b34c7b; 2015-03-05 16:14:28.611000; 2015-03-05 16:14:37.232000; sim ;1 ;94
54f880b92330e05385b34c7c; 2015-03-05 16:14:34.656000; 2015-03-05 16:14:44.568000; sim ;1 ;95
54f880b92330e05385b34c7d; 2015-03-05 16:14:26.536000; 2015-03-05 16:14:35.179000; sim ;1 ;96
54f880b92330e05385b34c7e; 2015-03-05 16:14:26.673000; 2015-03-05 16:14:35.570000; sim ;1 ;97
54f880b92330e05385b34c7f; 2015-03-05 16:14:30.325000; 2015-03-05 16:14:39.170000; sim ;1 ;98
54f880b92330e05385b34c80; 2015-03-05 16:14:25.319000; 2015-03-05 16:14:34.769000; sim ;1 ;99
54f880b92330e05385b34c81; 2015-03-05 16:14:26.134000; 2015-03-05 16:14:34.773000; sim ;1 ;100
54f880b92330e05385b34c82; 2015-03-05 16:14:25.614000; 2015-03-05 16:14:33.819000; sim ;1 ;101
54f880b92330e05385b34c83; 2015-03-05 16:14:28.743000; 2015-03-05 16:14:36.937000; sim ;1 ;102
54f880b92330e05385b34c84; 2015-03-05 16:14:28.885000; 2015-03-05 16:14:36.944000; sim ;1 ;103
54f880b92330e05385b34c85; 2015-03-05 16:13:57.075000; 2015-03-05 16:14:08.900000; sim ;1 ;104
54f880b92330e05385b34c86; 2015-03-05 16:13:57.292000; 2015-03-05 16:14:12.679000; sim ;1 ;105
54f880b92330e05385b34c87; 2015-03-05 16:14:29.012000; 2015-03-05 16:14:41.880000; sim ;1 ;106
54f880b92330e05385b34c88; 2015-03-05 16:13:58.422000; 2015-03-05 16:14:11.836000; sim ;1 ;107
54f880b92330e05385b34c89; 2015-03-05 16:13:58.103000; 2015-03-05 16:14:12.695000; sim ;1 ;108
54f880b92330e05385b34c8a; 2015-03-05 16:13:57.406000; 2015-03-05 16:14:12.112000; sim ;1 ;109
54f880b92330e05385b34c8b; 2015-03-05 16:13:58.314000; 2015-03-05 16:14:12.118000; sim ;1 ;110
54f880b92330e05385b34c8c; 2015-03-05 16:13:58.544000; 2015-03-05 16:14:12.699000; sim ;1 ;111
54f880b92330e05385b34c8d; 2015-03-05 16:13:59.012000; 2015-03-05 16:14:12.122000; sim ;1 ;112
54f880b92330e05385b34c8e; 2015-03-05 16:14:29.157000; 2015-03-05 16:14:37.478000; sim ;1 ;113
54f880b92330e05385b34c8f; 2015-03-05 16:13:58.659000; 2015-03-05 16:14:12.706000; sim ;1 ;114
54f880b92330e05385b34c90; 2015-03-05 16:14:02.494000; 2015-03-05 16:14:16.685000; sim ;1 ;115
54f880b92330e05385b34c91; 2015-03-05 16:14:09.959000; 2015-03-05 16:14:20.403000; sim ;1 ;116
54f880b92330e05385b34c92; 2015-03-05 16:14:02.617000; 2015-03-05 16:14:16.692000; sim ;1 ;117
54f880b92330e05385b34c93; 2015-03-05 16:14:02.752000; 2015-03-05 16:14:17.070000; sim ;1 ;118
54f880b92330e05385b34c94; 2015-03-05 16:14:02.888000; 2015-03-05 16:14:17.076000; sim ;1 ;119
54f880b92330e05385b34c95; 2015-03-05 16:14:03.368000; 2015-03-05 16:14:17.097000; sim ;1 ;120
54f880b92330e05385b34c96; 2015-03-05 16:14:10.446000; 2015-03-05 16:14:21.046000; sim ;1 ;121
54f880b92330e05385b34c97; 2015-03-05 16:14:19.787000; 2015-03-05 16:14:28.238000; sim ;1 ;122
54f880b92330e05385b34c98; 2015-03-05 16:14:12.577000; 2015-03-05 16:14:20.409000; sim ;1 ;123
54f880b92330e05385b34c99; 2015-03-05 16:14:18.990000; 2015-03-05 16:14:27.864000; sim ;1 ;124
54f880b92330e05385b34c9a; 2015-03-05 16:14:13.381000; 2015-03-05 16:14:22.293000; sim ;1 ;125
54f880b92330e05385b34c9b; 2015-03-05 16:14:14.326000; 2015-03-05 16:14:23.566000; sim ;1 ;126
54f880b92330e05385b34c9c; 2015-03-05 16:14:11.168000; 2015-03-05 16:14:21.862000; sim ;1 ;127
54f880b92330e05385b34c9d; 2015-03-05 16:14:10.683000; 2015-03-05 16:14:21.568000; sim ;1 ;128
54f880b92330e05385b34c9e; 2015-03-05 16:14:11.048000; 2015-03-05 16:14:21.858000; sim ;1 ;129
54f880b92330e05385b34c9f; 2015-03-05 16:14:11.296000; 2015-03-05 16:14:21.865000; sim ;1 ;130
54f880b92330e05385b34ca0; 2015-03-05 16:14:13.508000; 2015-03-05 16:14:22.296000; sim ;1 ;131
54f880b92330e05385b34ca1; 2015-03-05 16:14:11.535000; 2015-03-05 16:14:22.287000; sim ;1 ;132
54f880b92330e05385b34ca2; 2015-03-05 16:14:13.777000; 2015-03-05 16:14:22.668000; sim ;1 ;133
54f880b92330e05385b34ca3; 2015-03-05 16:14:14.192000; 2015-03-05 16:14:23.266000; sim ;1 ;134
54f880b92330e05385b34ca4; 2015-03-05 16:14:14.592000; 2015-03-05 16:14:23.573000; sim ;1 ;135
54f880b92330e05385b34ca5; 2015-03-05 16:14:14.893000; 2015-03-05 16:14:24.006000; sim ;1 ;136
54f880b92330e05385b34ca6; 2015-03-05 16:14:15.506000; 2015-03-05 16:14:24.335000; sim ;1 ;137
54f880b92330e05385b34ca7; 2015-03-05 16:14:16.167000; 2015-03-05 16:14:24.576000; sim ;1 ;138
54f880b92330e05385b34ca8; 2015-03-05 16:14:16.302000; 2015-03-05 16:14:23.576000; sim ;1 ;139
54f880b92330e05385b34ca9; 2015-03-05 16:14:16.439000; 2015-03-05 16:14:24.010000; sim ;1 ;140
54f880b92330e05385b34caa; 2015-03-05 16:14:16.583000; 2015-03-05 16:14:24.013000; sim ;1 ;141
54f880b92330e05385b34cab; 2015-03-05 16:14:16.936000; 2015-03-05 16:14:25.179000; sim ;1 ;142
54f880b92330e05385b34cac; 2015-03-05 16:14:17.760000; 2015-03-05 16:14:25.947000; sim ;1 ;143
54f880b92330e05385b34cad; 2015-03-05 16:14:20.941000; 2015-03-05 16:14:30.846000; sim ;1 ;144
54f880b92330e05385b34cae; 2015-03-05 16:14:18.043000; 2015-03-05 16:14:24.810000; sim ;1 ;145
54f880b92330e05385b34caf; 2015-03-05 16:14:18.183000; 2015-03-05 16:14:27.013000; sim ;1 ;146
54f880b92330e05385b34cb0; 2015-03-05 16:14:18.325000; 2015-03-05 16:14:26.778000; sim ;1 ;147
54f880b92330e05385b34cb1; 2015-03-05 16:14:18.464000; 2015-03-05 16:14:27.020000; sim ;1 ;148
54f880b92330e05385b34cb2; 2015-03-05 16:14:18.595000; 2015-03-05 16:14:27.317000; sim ;1 ;149
54f880b92330e05385b34cb3; 2015-03-05 16:14:18.722000; 2015-03-05 16:14:27.324000; sim ;1 ;150
54f880b92330e05385b34cb4; 2015-03-05 16:14:18.852000; 2015-03-05 16:14:27.612000; sim ;1 ;151
54f880b92330e05385b34cb5; 2015-03-05 16:14:19.136000; 2015-03-05 16:14:27.869000; sim ;1 ;152
54f880b92330e05385b34cb6; 2015-03-05 16:14:29.285000; 2015-03-05 16:14:37.944000; sim ;1 ;153
54f880b92330e05385b34cb7; 2015-03-05 16:14:19.378000; 2015-03-05 16:14:25.953000; sim ;1 ;154
54f880b92330e05385b34cb8; 2015-03-05 16:14:19.646000; 2015-03-05 16:14:28.230000; sim ;1 ;155
54f880b92330e05385b34cb9; 2015-03-05 16:14:20.038000; 2015-03-05 16:14:25.422000; sim ;1 ;156
54f880b92330e05385b34cba; 2015-03-05 16:14:20.302000; 2015-03-05 16:14:25.429000; sim ;1 ;157
54f880ba2330e05385b34cbb; 2015-03-05 16:14:21.223000; 2015-03-05 16:14:30.059000; sim ;1 ;158
54f880ba2330e05385b34cbc; 2015-03-05 16:14:29.425000; 2015-03-05 16:14:37.484000; sim ;1 ;159
54f880ba2330e05385b34cbd; 2015-03-05 16:14:29.558000; 2015-03-05 16:14:38.664000; sim ;1 ;160
54f880ba2330e05385b34cbe; 2015-03-05 16:14:29.693000; 2015-03-05 16:14:38.186000; sim ;1 ;161
54f880ba2330e05385b34cbf; 2015-03-05 16:14:29.828000; 2015-03-05 16:14:38.422000; sim ;1 ;162
54f880ba2330e05385b34cc0; 2015-03-05 16:14:29.957000; 2015-03-05 16:14:38.672000; sim ;1 ;163
54f880ba2330e05385b34cc1; 2015-03-05 16:14:30.192000; 2015-03-05 16:14:39.796000; sim ;1 ;164
54f880ba2330e05385b34cc2; 2015-03-05 16:14:30.465000; 2015-03-05 16:14:39.421000; sim ;1 ;165
54f880ba2330e05385b34cc3; 2015-03-05 16:14:33.335000; 2015-03-05 16:14:42.871000; sim ;1 ;166
54f880ba2330e05385b34cc4; 2015-03-05 16:14:30.598000; 2015-03-05 16:14:39.427000; sim ;1 ;167
54f880ba2330e05385b34cc5; 2015-03-05 16:14:30.739000; 2015-03-05 16:14:39.434000; sim ;1 ;168
54f880ba2330e05385b34cc6; 2015-03-05 16:14:31.034000; 2015-03-05 16:14:41.638000; sim ;1 ;169
54f880ba2330e05385b34cc7; 2015-03-05 16:14:31.264000; 2015-03-05 16:14:40.989000; sim ;1 ;170
54f880ba2330e05385b34cc8; 2015-03-05 16:14:31.394000; 2015-03-05 16:14:41.249000; sim ;1 ;171
54f880ba2330e05385b34cc9; 2015-03-05 16:14:31.522000; 2015-03-05 16:14:40.033000; sim ;1 ;172
54f880ba2330e05385b34cca; 2015-03-05 16:14:31.661000; 2015-03-05 16:14:40.043000; sim ;1 ;173
54f880ba2330e05385b34ccb; 2015-03-05 16:14:32.033000; 2015-03-05 16:14:42.116000; sim ;1 ;174
54f880ba2330e05385b34ccc; 2015-03-05 16:14:32.172000; 2015-03-05 16:14:37.491000; sim ;1 ;175
54f880ba2330e05385b34ccd; 2015-03-05 16:14:32.299000; 2015-03-05 16:14:40.741000; sim ;1 ;176
54f880ba2330e05385b34cce; 2015-03-05 16:14:32.441000; 2015-03-05 16:14:37.503000; sim ;1 ;177
54f880ba2330e05385b34ccf; 2015-03-05 16:14:32.728000; 2015-03-05 16:14:42.495000; sim ;1 ;178
54f880ba2330e05385b34cd0; 2015-03-05 16:14:32.960000; 2015-03-05 16:14:43.118000; sim ;1 ;179
54f880ba2330e05385b34cd1; 2015-03-05 16:14:33.205000; 2015-03-05 16:14:44.030000; sim ;1 ;180
54f880ba2330e05385b34cd2; 2015-03-05 16:14:33.479000; 2015-03-05 16:14:38.680000; sim ;1 ;181
54f880ba2330e05385b34cd3; 2015-03-05 16:14:33.708000; 2015-03-05 16:14:43.716000; sim ;1 ;182
54f880ba2330e05385b34cd4; 2015-03-05 16:14:34.008000; 2015-03-05 16:14:44.037000; sim ;1 ;183
54f880ba2330e05385b34cd5; 2015-03-05 16:14:34.134000; 2015-03-05 16:14:40.062000; sim ;1 ;184
54f880ba2330e05385b34cd6; 2015-03-05 16:14:34.419000; 2015-03-05 16:14:44.563000; sim ;1 ;185
54f880ba2330e05385b34cd7; 2015-03-05 16:14:35.055000; 2015-03-05 16:14:44.855000; sim ;1 ;186
54f880ba2330e05385b34cd8; 2015-03-05 16:14:35.704000; 2015-03-05 16:14:45.463000; sim ;1 ;187
54f880ba2330e05385b34cd9; 2015-03-05 16:14:35.943000; 2015-03-05 16:14:43.125000; sim ;1 ;188
54f880ba2330e05385b34cda; 2015-03-05 16:14:36.243000; 2015-03-05 16:14:44.329000; sim ;1 ;189
54f880ba2330e05385b34cdb; 2015-03-05 16:14:36.373000; 2015-03-05 16:14:43.727000; sim ;1 ;190
54f880ba2330e05385b34cdc; 2015-03-05 16:14:36.686000; 2015-03-05 16:14:44.859000; sim ;1 ;191
54f880ba2330e05385b34cdd; 2015-03-05 16:14:36.831000; 2015-03-05 16:14:44.865000; sim ;1 ;192
54f880ba2330e05385b34cde; 2015-03-05 16:14:37.127000; 2015-03-05 16:14:45.473000; sim ;1 ;193
54f880ba2330e05385b34cdf; 2015-03-05 16:14:37.369000; 2015-03-05 16:14:45.755000; sim ;1 ;194
54f880ba2330e05385b34ce0; 2015-03-05 16:14:37.840000; 2015-03-05 16:14:46.875000; sim ;1 ;195
54f880ba2330e05385b34ce1; 2015-03-05 16:14:38.082000; 2015-03-05 16:14:46.504000; sim ;1 ;196
54f880ba2330e05385b34ce2; 2015-03-05 16:14:38.321000; 2015-03-05 16:14:46.880000; sim ;1 ;197
54f880ba2330e05385b34ce3; 2015-03-05 16:14:38.560000; 2015-03-05 16:14:46.888000; sim ;1 ;198
54f880ba2330e05385b34ce4; 2015-03-05 16:14:38.925000; 2015-03-05 16:14:47.220000; sim ;1 ;199
54f880ba2330e05385b34ce5; 2015-03-05 16:14:39.063000; 2015-03-05 16:14:47.523000; sim ;1 ;200
54f880ba2330e05385b34ce6; 2015-03-05 16:14:39.313000; 2015-03-05 16:14:47.528000; sim ;1 ;201
54f880ba2330e05385b34ce7; 2015-03-05 16:14:39.689000; 2015-03-05 16:14:47.833000; sim ;1 ;202
54f880ba2330e05385b34ce8; 2015-03-05 16:14:39.930000; 2015-03-05 16:14:49.250000; sim ;1 ;203
54f880ba2330e05385b34ce9; 2015-03-05 16:14:40.361000; 2015-03-05 16:14:48.139000; sim ;1 ;204
54f880ba2330e05385b34cea; 2015-03-05 16:14:40.497000; 2015-03-05 16:14:47.224000; sim ;1 ;205
54f880ba2330e05385b34ceb; 2015-03-05 16:14:40.640000; 2015-03-05 16:14:45.996000; sim ;1 ;206
54f880ba2330e05385b34cec; 2015-03-05 16:14:40.879000; 2015-03-05 16:14:46.510000; sim ;1 ;207
54f880ba2330e05385b34ced; 2015-03-05 16:14:41.143000; 2015-03-05 16:14:50.374000; sim ;1 ;208
54f880ba2330e05385b34cee; 2015-03-05 16:14:41.391000; 2015-03-05 16:14:50.609000; sim ;1 ;209
54f880ba2330e05385b34cef; 2015-03-05 16:14:41.536000; 2015-03-05 16:14:50.139000; sim ;1 ;210
54f880ba2330e05385b34cf0; 2015-03-05 16:14:41.773000; 2015-03-05 16:14:52.431000; sim ;1 ;211
54f880ba2330e05385b34cf1; 2015-03-05 16:14:42.012000; 2015-03-05 16:14:47.839000; sim ;1 ;212
54f880ba2330e05385b34cf2; 2015-03-05 16:14:42.253000; 2015-03-05 16:14:51.397000; sim ;1 ;213
54f880ba2330e05385b34cf3; 2015-03-05 16:14:42.393000; 2015-03-05 16:14:48.144000; sim ;1 ;214
54f880ba2330e05385b34cf4; 2015-03-05 16:14:42.629000; 2015-03-05 16:14:52.437000; sim ;1 ;215
54f880ba2330e05385b34cf5; 2015-03-05 16:14:42.768000; 2015-03-05 16:14:48.438000; sim ;1 ;216
54f880ba2330e05385b34cf6; 2015-03-05 16:14:43.010000; 2015-03-05 16:14:49.557000; sim ;1 ;217
54f880ba2330e05385b34cf7; 2015-03-05 16:14:43.336000; 2015-03-05 16:14:52.983000; sim ;1 ;218
54f880ba2330e05385b34cf8; 2015-03-05 16:14:43.475000; 2015-03-05 16:14:49.562000; sim ;1 ;219
54f880ba2330e05385b34cf9; 2015-03-05 16:14:43.606000; 2015-03-05 16:14:49.258000; sim ;1 ;220
54f880ba2330e05385b34cfa; 2015-03-05 16:14:43.928000; 2015-03-05 16:14:54.201000; sim ;1 ;221
54f880ba2330e05385b34cfb; 2015-03-05 16:14:44.226000; 2015-03-05 16:14:54.210000; sim ;1 ;222
54f880ba2330e05385b34cfc; 2015-03-05 16:14:44.461000; 2015-03-05 16:14:54.550000; sim ;1 ;223
54f880ba2330e05385b34cfd; 2015-03-05 16:14:44.752000; 2015-03-05 16:14:54.557000; sim ;1 ;224
54f880ba2330e05385b34cfe; 2015-03-05 16:14:45.105000; 2015-03-05 16:14:55.817000; sim ;1 ;225
54f880ba2330e05385b34cff; 2015-03-05 16:14:45.350000; 2015-03-05 16:14:55.336000; sim ;1 ;226
54f880ba2330e05385b34d00; 2015-03-05 16:14:45.653000; 2015-03-05 16:14:55.574000; sim ;1 ;227
54f880ba2330e05385b34d01; 2015-03-05 16:14:45.881000; 2015-03-05 16:14:55.822000; sim ;1 ;228
54f880ba2330e05385b34d02; 2015-03-05 16:14:46.133000; 2015-03-05 16:14:54.215000; sim ;1 ;229
54f880ba2330e05385b34d03; 2015-03-05 16:14:46.261000; 2015-03-05 16:14:52.990000; sim ;1 ;230
54f880ba2330e05385b34d04; 2015-03-05 16:14:46.396000; 2015-03-05 16:14:53.426000; sim ;1 ;231
54f880ba2330e05385b34d05; 2015-03-05 16:14:46.771000; 2015-03-05 16:14:54.856000; sim ;1 ;232
54f880ba2330e05385b34d06; 2015-03-05 16:14:47.117000; 2015-03-05 16:14:56.598000; sim ;1 ;233
54f880ba2330e05385b34d07; 2015-03-05 16:14:47.421000; 2015-03-05 16:14:55.107000; sim ;1 ;234
54f880ba2330e05385b34d08; 2015-03-05 16:14:47.729000; 2015-03-05 16:14:57.820000; sim ;1 ;235
54f880ba2330e05385b34d09; 2015-03-05 16:14:48.032000; 2015-03-05 16:14:56.359000; sim ;1 ;236
54f880ba2330e05385b34d0a; 2015-03-05 16:14:48.333000; 2015-03-05 16:14:56.970000; sim ;1 ;237
54f880ba2330e05385b34d0b; 2015-03-05 16:14:48.580000; 2015-03-05 16:14:56.976000; sim ;1 ;238
54f880ba2330e05385b34d0c; 2015-03-05 16:14:48.714000; 2015-03-05 16:14:57.275000; sim ;1 ;239
54f880ba2330e05385b34d0d; 2015-03-05 16:14:48.850000; 2015-03-05 16:14:57.830000; sim ;1 ;240
54f880ba2330e05385b34d0e; 2015-03-05 16:14:48.990000; 2015-03-05 16:14:57.281000; sim ;1 ;241
54f880ba2330e05385b34d0f; 2015-03-05 16:14:49.136000; 2015-03-05 16:14:57.580000; sim ;1 ;242
54f880ba2330e05385b34d10; 2015-03-05 16:14:49.452000; 2015-03-05 16:14:58.492000; sim ;1 ;243
54f880ba2330e05385b34d11; 2015-03-05 16:14:49.746000; 2015-03-05 16:14:58.502000; sim ;1 ;244
54f880ba2330e05385b34d12; 2015-03-05 16:14:49.887000; 2015-03-05 16:14:58.128000; sim ;1 ;245
54f880ba2330e05385b34d13; 2015-03-05 16:14:50.033000; 2015-03-05 16:14:58.136000; sim ;1 ;246
54f880ba2330e05385b34d14; 2015-03-05 16:14:50.270000; 2015-03-05 16:14:58.143000; sim ;1 ;247
54f880ba2330e05385b34d15; 2015-03-05 16:14:50.506000; 2015-03-05 16:15:00.013000; sim ;1 ;248
54f880ba2330e05385b34d16; 2015-03-05 16:14:50.745000; 2015-03-05 16:15:00.018000; sim ;1 ;249
54f880ba2330e05385b34d17; 2015-03-05 16:14:50.872000; 2015-03-05 16:14:59.713000; sim ;1 ;250
54f880ba2330e05385b34d18; 2015-03-05 16:14:51.001000; 2015-03-05 16:14:59.218000; sim ;1 ;251
54f880ba2330e05385b34d19; 2015-03-05 16:14:51.138000; 2015-03-05 16:14:59.470000; sim ;1 ;252
54f880ba2330e05385b34d1a; 2015-03-05 16:14:51.292000; 2015-03-05 16:15:00.031000; sim ;1 ;253
54f880ba2330e05385b34d1b; 2015-03-05 16:14:51.531000; 2015-03-05 16:15:00.641000; sim ;1 ;254
54f880ba2330e05385b34d1c; 2015-03-05 16:14:51.665000; 2015-03-05 16:15:00.649000; sim ;1 ;255
54f880ba2330e05385b34d1d; 2015-03-05 16:14:51.799000; 2015-03-05 16:15:00.653000; sim ;1 ;256
54f880ba2330e05385b34d1e; 2015-03-05 16:14:51.927000; 2015-03-05 16:15:00.657000; sim ;1 ;257
54f880ba2330e05385b34d1f; 2015-03-05 16:14:52.061000; 2015-03-05 16:15:01.052000; sim ;1 ;258
54f880ba2330e05385b34d20; 2015-03-05 16:14:52.194000; 2015-03-05 16:15:01.059000; sim ;1 ;259
54f880ba2330e05385b34d21; 2015-03-05 16:14:52.328000; 2015-03-05 16:15:01.066000; sim ;1 ;260
54f880ba2330e05385b34d22; 2015-03-05 16:14:52.620000; 2015-03-05 16:15:02.940000; sim ;1 ;261
54f880ba2330e05385b34d23; 2015-03-05 16:14:52.748000; 2015-03-05 16:15:01.943000; sim ;1 ;262
54f880ba2330e05385b34d24; 2015-03-05 16:14:52.879000; 2015-03-05 16:15:01.563000; sim ;1 ;263
54f880ba2330e05385b34d25; 2015-03-05 16:14:53.179000; 2015-03-05 16:15:02.946000; sim ;1 ;264
54f880ba2330e05385b34d26; 2015-03-05 16:14:53.322000; 2015-03-05 16:14:59.720000; sim ;1 ;265
54f880ba2330e05385b34d27; 2015-03-05 16:14:53.556000; 2015-03-05 16:15:00.377000; sim ;1 ;266
54f880ba2330e05385b34d28; 2015-03-05 16:14:53.688000; 2015-03-05 16:15:01.950000; sim ;1 ;267
54f880ba2330e05385b34d29; 2015-03-05 16:14:53.827000; 2015-03-05 16:15:01.957000; sim ;1 ;268
54f880ba2330e05385b34d2a; 2015-03-05 16:14:53.959000; 2015-03-05 16:15:02.300000; sim ;1 ;269
54f880ba2330e05385b34d2b; 2015-03-05 16:14:54.097000; 2015-03-05 16:15:02.305000; sim ;1 ;270
54f880ba2330e05385b34d2c; 2015-03-05 16:14:54.447000; 2015-03-05 16:15:03.813000; sim ;1 ;271
54f880ba2330e05385b34d2d; 2015-03-05 16:14:54.752000; 2015-03-05 16:15:04.364000; sim ;1 ;272
54f880ba2330e05385b34d2e; 2015-03-05 16:14:55.004000; 2015-03-05 16:15:04.109000; sim ;1 ;273
54f880ba2330e05385b34d2f; 2015-03-05 16:14:55.232000; 2015-03-05 16:15:04.911000; sim ;1 ;274
54f880ba2330e05385b34d30; 2015-03-05 16:14:55.472000; 2015-03-05 16:15:04.619000; sim ;1 ;275
54f880ba2330e05385b34d31; 2015-03-05 16:14:55.713000; 2015-03-05 16:15:05.253000; sim ;1 ;276
54f880ba2330e05385b34d32; 2015-03-05 16:14:56.001000; 2015-03-05 16:15:04.916000; sim ;1 ;277
54f880ba2330e05385b34d33; 2015-03-05 16:14:56.126000; 2015-03-05 16:15:05.257000; sim ;1 ;278
54f880ba2330e05385b34d34; 2015-03-05 16:14:56.255000; 2015-03-05 16:15:02.311000; sim ;1 ;279
54f880ba2330e05385b34d35; 2015-03-05 16:14:56.494000; 2015-03-05 16:15:03.380000; sim ;1 ;280
54f880ba2330e05385b34d36; 2015-03-05 16:14:56.734000; 2015-03-05 16:15:05.599000; sim ;1 ;281
54f880ba2330e05385b34d37; 2015-03-05 16:14:56.867000; 2015-03-05 16:15:03.386000; sim ;1 ;282
54f880ba2330e05385b34d38; 2015-03-05 16:14:57.171000; 2015-03-05 16:15:03.819000; sim ;1 ;283
54f880ba2330e05385b34d39; 2015-03-05 16:14:57.472000; 2015-03-05 16:15:04.628000; sim ;1 ;284
54f880ba2330e05385b34d3a; 2015-03-05 16:14:57.716000; 2015-03-05 16:15:04.921000; sim ;1 ;285
54f880ba2330e05385b34d3b; 2015-03-05 16:14:58.020000; 2015-03-05 16:15:05.262000; sim ;1 ;286
54f880ba2330e05385b34d3c; 2015-03-05 16:14:58.388000; 2015-03-05 16:15:05.606000; sim ;1 ;287
54f880ba2330e05385b34d3d; 2015-03-05 16:14:58.697000; 2015-03-05 16:15:06.824000; sim ;1 ;288
54f880ba2330e05385b34d3e; 2015-03-05 16:14:58.843000; 2015-03-05 16:15:06.585000; sim ;1 ;289
54f880ba2330e05385b34d3f; 2015-03-05 16:14:58.973000; 2015-03-05 16:15:06.830000; sim ;1 ;290
54f880ba2330e05385b34d40; 2015-03-05 16:14:59.110000; 2015-03-05 16:15:06.836000; sim ;1 ;291
54f880ba2330e05385b34d41; 2015-03-05 16:14:59.362000; 2015-03-05 16:15:06.842000; sim ;1 ;292
54f880ba2330e05385b34d42; 2015-03-05 16:14:59.608000; 2015-03-05 16:15:08.840000; sim ;1 ;293
54f880ba2330e05385b34d43; 2015-03-05 16:14:59.909000; 2015-03-05 16:15:08.537000; sim ;1 ;294
54f880ba2330e05385b34d44; 2015-03-05 16:15:00.272000; 2015-03-05 16:15:09.791000; sim ;1 ;295
54f880ba2330e05385b34d45; 2015-03-05 16:15:00.537000; 2015-03-05 16:15:10.498000; sim ;1 ;296
54f880ba2330e05385b34d46; 2015-03-05 16:15:00.947000; 2015-03-05 16:15:10.759000; sim ;1 ;297
54f880ba2330e05385b34d47; 2015-03-05 16:15:01.326000; 2015-03-05 16:15:08.849000; sim ;1 ;298
54f880ba2330e05385b34d48; 2015-03-05 16:15:01.460000; 2015-03-05 16:15:08.545000; sim ;1 ;299
54f880ba2330e05385b34d49; 2015-03-05 16:15:01.698000; 2015-03-05 16:15:06.849000; sim ;1 ;300
54f880ba2330e05385b34d4a; 2015-03-05 16:15:01.837000; 2015-03-05 16:15:07.288000; sim ;1 ;301
54f880ba2330e05385b34d4b; 2015-03-05 16:15:02.192000; 2015-03-05 16:15:11.260000; sim ;1 ;302
54f880ba2330e05385b34d4c; 2015-03-05 16:15:02.549000; 2015-03-05 16:15:09.551000; sim ;1 ;303
54f880ba2330e05385b34d4d; 2015-03-05 16:15:02.687000; 2015-03-05 16:15:07.659000; sim ;1 ;304
54f880ba2330e05385b34d4e; 2015-03-05 16:15:02.835000; 2015-03-05 16:15:08.172000; sim ;1 ;305
54f880ba2330e05385b34d4f; 2015-03-05 16:15:03.132000; 2015-03-05 16:15:12.723000; sim ;1 ;306
54f880ba2330e05385b34d50; 2015-03-05 16:15:03.274000; 2015-03-05 16:15:12.031000; sim ;1 ;307
54f880ba2330e05385b34d51; 2015-03-05 16:15:03.575000; 2015-03-05 16:15:09.798000; sim ;1 ;308
54f880ba2330e05385b34d52; 2015-03-05 16:15:03.710000; 2015-03-05 16:15:10.256000; sim ;1 ;309
54f880ba2330e05385b34d53; 2015-03-05 16:15:04.003000; 2015-03-05 16:15:13.344000; sim ;1 ;310
54f880ba2330e05385b34d54; 2015-03-05 16:15:04.262000; 2015-03-05 16:15:14.037000; sim ;1 ;311
54f880bb2330e05385b34d55; 2015-03-05 16:15:04.514000; 2015-03-05 16:15:14.042000; sim ;1 ;312
54f880bb2330e05385b34d56; 2015-03-05 16:15:04.807000; 2015-03-05 16:15:14.406000; sim ;1 ;313
54f880bb2330e05385b34d57; 2015-03-05 16:15:05.150000; 2015-03-05 16:15:14.712000; sim ;1 ;314
54f880bb2330e05385b34d58; 2015-03-05 16:15:05.497000; 2015-03-05 16:15:14.949000; sim ;1 ;315
54f880bb2330e05385b34d59; 2015-03-05 16:15:05.794000; 2015-03-05 16:15:15.315000; sim ;1 ;316
54f880bb2330e05385b34d5a; 2015-03-05 16:15:05.932000; 2015-03-05 16:15:14.954000; sim ;1 ;317
54f880bb2330e05385b34d5b; 2015-03-05 16:15:06.072000; 2015-03-05 16:15:15.689000; sim ;1 ;318
54f880bb2330e05385b34d5c; 2015-03-05 16:15:06.206000; 2015-03-05 16:15:13.106000; sim ;1 ;319
54f880bb2330e05385b34d5d; 2015-03-05 16:15:06.337000; 2015-03-05 16:15:14.413000; sim ;1 ;320
54f880bb2330e05385b34d5e; 2015-03-05 16:15:06.480000; 2015-03-05 16:15:13.782000; sim ;1 ;321
54f880bb2330e05385b34d5f; 2015-03-05 16:15:06.720000; 2015-03-05 16:15:15.326000; sim ;1 ;322
54f880bb2330e05385b34d60; 2015-03-05 16:15:07.183000; 2015-03-05 16:15:16.131000; sim ;1 ;323
54f880bb2330e05385b34d61; 2015-03-05 16:15:07.419000; 2015-03-05 16:15:15.333000; sim ;1 ;324
54f880bb2330e05385b34d62; 2015-03-05 16:15:07.556000; 2015-03-05 16:15:16.137000; sim ;1 ;325
54f880bb2330e05385b34d63; 2015-03-05 16:15:07.801000; 2015-03-05 16:15:15.694000; sim ;1 ;326
54f880bb2330e05385b34d64; 2015-03-05 16:15:07.935000; 2015-03-05 16:15:16.440000; sim ;1 ;327
54f880bb2330e05385b34d65; 2015-03-05 16:15:08.067000; 2015-03-05 16:15:16.675000; sim ;1 ;328
54f880bb2330e05385b34d66; 2015-03-05 16:15:08.302000; 2015-03-05 16:15:14.052000; sim ;1 ;329
54f880bb2330e05385b34d67; 2015-03-05 16:15:08.431000; 2015-03-05 16:15:13.350000; sim ;1 ;330
54f880bb2330e05385b34d68; 2015-03-05 16:15:08.732000; 2015-03-05 16:15:16.928000; sim ;1 ;331
54f880bb2330e05385b34d69; 2015-03-05 16:15:09.031000; 2015-03-05 16:15:17.167000; sim ;1 ;332
54f880bb2330e05385b34d6a; 2015-03-05 16:15:09.168000; 2015-03-05 16:15:17.415000; sim ;1 ;333
54f880bb2330e05385b34d6b; 2015-03-05 16:15:09.303000; 2015-03-05 16:15:17.657000; sim ;1 ;334
54f880bb2330e05385b34d6c; 2015-03-05 16:15:09.446000; 2015-03-05 16:15:14.960000; sim ;1 ;335
54f880bb2330e05385b34d6d; 2015-03-05 16:15:09.687000; 2015-03-05 16:15:17.956000; sim ;1 ;336
54f880bb2330e05385b34d6e; 2015-03-05 16:15:10.001000; 2015-03-05 16:15:18.334000; sim ;1 ;337
54f880bb2330e05385b34d6f; 2015-03-05 16:15:10.151000; 2015-03-05 16:15:17.968000; sim ;1 ;338
54f880bb2330e05385b34d70; 2015-03-05 16:15:10.393000; 2015-03-05 16:15:18.340000; sim ;1 ;339
54f880bb2330e05385b34d71; 2015-03-05 16:15:10.653000; 2015-03-05 16:15:19.050000; sim ;1 ;340
54f880bb2330e05385b34d72; 2015-03-05 16:15:10.889000; 2015-03-05 16:15:19.059000; sim ;1 ;341
54f880bb2330e05385b34d73; 2015-03-05 16:15:11.022000; 2015-03-05 16:15:17.664000; sim ;1 ;342
54f880bb2330e05385b34d74; 2015-03-05 16:15:11.156000; 2015-03-05 16:15:17.976000; sim ;1 ;343
54f880bb2330e05385b34d75; 2015-03-05 16:15:11.399000; 2015-03-05 16:15:19.463000; sim ;1 ;344
54f880bb2330e05385b34d76; 2015-03-05 16:15:11.525000; 2015-03-05 16:15:18.347000; sim ;1 ;345
54f880bb2330e05385b34d77; 2015-03-05 16:15:11.660000; 2015-03-05 16:15:18.353000; sim ;1 ;346
54f880bb2330e05385b34d78; 2015-03-05 16:15:11.798000; 2015-03-05 16:15:18.748000; sim ;1 ;347
54f880bb2330e05385b34d79; 2015-03-05 16:15:11.925000; 2015-03-05 16:15:18.753000; sim ;1 ;348
54f880bb2330e05385b34d7a; 2015-03-05 16:15:12.175000; 2015-03-05 16:15:20.589000; sim ;1 ;349
54f880bb2330e05385b34d7b; 2015-03-05 16:15:12.321000; 2015-03-05 16:15:19.065000; sim ;1 ;350
54f880bb2330e05385b34d7c; 2015-03-05 16:15:12.462000; 2015-03-05 16:15:22.557000; sim ;1 ;351
54f880bb2330e05385b34d7d; 2015-03-05 16:15:12.611000; 2015-03-05 16:15:19.071000; sim ;1 ;352
54f880bb2330e05385b34d7e; 2015-03-05 16:15:12.865000; 2015-03-05 16:15:22.249000; sim ;1 ;353
54f880bb2330e05385b34d7f; 2015-03-05 16:15:12.997000; 2015-03-05 16:15:19.764000; sim ;1 ;354
54f880bb2330e05385b34d80; 2015-03-05 16:15:13.238000; 2015-03-05 16:15:19.471000; sim ;1 ;355
54f880bb2330e05385b34d81; 2015-03-05 16:15:13.537000; 2015-03-05 16:15:22.256000; sim ;1 ;356
54f880bb2330e05385b34d82; 2015-03-05 16:15:13.675000; 2015-03-05 16:15:20.058000; sim ;1 ;357
54f880bb2330e05385b34d83; 2015-03-05 16:15:13.932000; 2015-03-05 16:15:19.769000; sim ;1 ;358
54f880bb2330e05385b34d84; 2015-03-05 16:15:14.291000; 2015-03-05 16:15:23.093000; sim ;1 ;359
54f880bb2330e05385b34d85; 2015-03-05 16:15:14.604000; 2015-03-05 16:15:24.225000; sim ;1 ;360
54f880bb2330e05385b34d86; 2015-03-05 16:15:14.845000; 2015-03-05 16:15:23.923000; sim ;1 ;361
54f880bb2330e05385b34d87; 2015-03-05 16:15:15.211000; 2015-03-05 16:15:24.973000; sim ;1 ;362
54f880bb2330e05385b34d88; 2015-03-05 16:15:15.586000; 2015-03-05 16:15:24.733000; sim ;1 ;363
54f880bb2330e05385b34d89; 2015-03-05 16:15:15.883000; 2015-03-05 16:15:24.978000; sim ;1 ;364
54f880bb2330e05385b34d8a; 2015-03-05 16:15:16.026000; 2015-03-05 16:15:25.421000; sim ;1 ;365
54f880bb2330e05385b34d8b; 2015-03-05 16:15:16.334000; 2015-03-05 16:15:25.426000; sim ;1 ;366
54f880bb2330e05385b34d8c; 2015-03-05 16:15:16.571000; 2015-03-05 16:15:25.733000; sim ;1 ;367
54f880bb2330e05385b34d8d; 2015-03-05 16:15:16.822000; 2015-03-05 16:15:23.100000; sim ;1 ;368
54f880bb2330e05385b34d8e; 2015-03-05 16:15:17.060000; 2015-03-05 16:15:22.564000; sim ;1 ;369
54f880bb2330e05385b34d8f; 2015-03-05 16:15:17.303000; 2015-03-05 16:15:22.859000; sim ;1 ;370
54f880bb2330e05385b34d90; 2015-03-05 16:15:17.554000; 2015-03-05 16:15:23.928000; sim ;1 ;371
54f880bb2330e05385b34d91; 2015-03-05 16:15:17.849000; 2015-03-05 16:15:23.679000; sim ;1 ;372
54f880bb2330e05385b34d92; 2015-03-05 16:15:18.229000; 2015-03-05 16:15:24.483000; sim ;1 ;373
54f880bb2330e05385b34d93; 2015-03-05 16:15:18.642000; 2015-03-05 16:15:27.778000; sim ;1 ;374
54f880bb2330e05385b34d94; 2015-03-05 16:15:18.945000; 2015-03-05 16:15:25.738000; sim ;1 ;375
54f880bb2330e05385b34d95; 2015-03-05 16:15:19.352000; 2015-03-05 16:15:28.408000; sim ;1 ;376
54f880bb2330e05385b34d96; 2015-03-05 16:15:19.659000; 2015-03-05 16:15:28.415000; sim ;1 ;377
54f880bb2330e05385b34d97; 2015-03-05 16:15:19.952000; 2015-03-05 16:15:29.022000; sim ;1 ;378
54f880bb2330e05385b34d98; 2015-03-05 16:15:20.205000; 2015-03-05 16:15:28.031000; sim ;1 ;379
54f880bb2330e05385b34d99; 2015-03-05 16:15:20.341000; 2015-03-05 16:15:28.045000; sim ;1 ;380
54f880bb2330e05385b34d9a; 2015-03-05 16:15:20.483000; 2015-03-05 16:15:28.052000; sim ;1 ;381
54f880bb2330e05385b34d9b; 2015-03-05 16:15:20.735000; 2015-03-05 16:15:29.728000; sim ;1 ;382
54f880bb2330e05385b34d9c; 2015-03-05 16:15:20.877000; 2015-03-05 16:15:28.720000; sim ;1 ;383
54f880bb2330e05385b34d9d; 2015-03-05 16:15:21.023000; 2015-03-05 16:15:28.727000; sim ;1 ;384
54f880bb2330e05385b34d9e; 2015-03-05 16:15:21.170000; 2015-03-05 16:15:29.736000; sim ;1 ;385
54f880bb2330e05385b34d9f; 2015-03-05 16:15:21.316000; 2015-03-05 16:15:29.412000; sim ;1 ;386
54f880bb2330e05385b34da0; 2015-03-05 16:15:21.452000; 2015-03-05 16:15:29.742000; sim ;1 ;387
54f880bb2330e05385b34da1; 2015-03-05 16:15:21.585000; 2015-03-05 16:15:29.422000; sim ;1 ;388
54f880bb2330e05385b34da2; 2015-03-05 16:15:21.729000; 2015-03-05 16:15:26.479000; sim ;1 ;389
54f880bb2330e05385b34da3; 2015-03-05 16:15:21.864000; 2015-03-05 16:15:32.970000; sim ;1 ;390
54f880bb2330e05385b34da4; 2015-03-05 16:15:22.005000; 2015-03-05 16:15:27.150000; sim ;1 ;391
54f880bb2330e05385b34da5; 2015-03-05 16:15:22.143000; 2015-03-05 16:15:27.529000; sim ;1 ;392
54f880bb2330e05385b34da6; 2015-03-05 16:15:22.451000; 2015-03-05 16:15:31.991000; sim ;1 ;393
54f880bb2330e05385b34da7; 2015-03-05 16:15:22.755000; 2015-03-05 16:15:31.595000; sim ;1 ;394
54f880bb2330e05385b34da8; 2015-03-05 16:15:22.988000; 2015-03-05 16:15:30.236000; sim ;1 ;395
54f880bb2330e05385b34da9; 2015-03-05 16:15:23.286000; 2015-03-05 16:15:32.555000; sim ;1 ;396
54f880bb2330e05385b34daa; 2015-03-05 16:15:23.436000; 2015-03-05 16:15:30.780000; sim ;1 ;397
54f880bb2330e05385b34dab; 2015-03-05 16:15:23.574000; 2015-03-05 16:15:30.786000; sim ;1 ;398
54f880bb2330e05385b34dac; 2015-03-05 16:15:23.817000; 2015-03-05 16:15:31.085000; sim ;1 ;399
54f880bb2330e05385b34dad; 2015-03-05 16:15:24.120000; 2015-03-05 16:15:33.224000; sim ;1 ;400
54f880bb2330e05385b34dae; 2015-03-05 16:15:24.372000; 2015-03-05 16:15:33.231000; sim ;1 ;401
54f880bb2330e05385b34daf; 2015-03-05 16:15:24.629000; 2015-03-05 16:15:31.348000; sim ;1 ;402
54f880bb2330e05385b34db0; 2015-03-05 16:15:24.868000; 2015-03-05 16:15:33.896000; sim ;1 ;403
54f880bb2330e05385b34db1; 2015-03-05 16:15:25.163000; 2015-03-05 16:15:34.567000; sim ;1 ;404
54f880bb2330e05385b34db2; 2015-03-05 16:15:25.316000; 2015-03-05 16:15:34.573000; sim ;1 ;405
54f880bb2330e05385b34db3; 2015-03-05 16:15:25.626000; 2015-03-05 16:15:34.928000; sim ;1 ;406
54f880bb2330e05385b34db4; 2015-03-05 16:15:25.921000; 2015-03-05 16:15:34.932000; sim ;1 ;407
54f880bb2330e05385b34db5; 2015-03-05 16:15:26.068000; 2015-03-05 16:15:34.938000; sim ;1 ;408
54f880bb2330e05385b34db6; 2015-03-05 16:15:26.220000; 2015-03-05 16:15:35.287000; sim ;1 ;409
54f880bb2330e05385b34db7; 2015-03-05 16:15:26.370000; 2015-03-05 16:15:32.563000; sim ;1 ;410
54f880bb2330e05385b34db8; 2015-03-05 16:15:26.632000; 2015-03-05 16:15:32.302000; sim ;1 ;411
54f880bb2330e05385b34db9; 2015-03-05 16:15:26.768000; 2015-03-05 16:15:31.999000; sim ;1 ;412
54f880bb2330e05385b34dba; 2015-03-05 16:15:26.913000; 2015-03-05 16:15:32.569000; sim ;1 ;413
54f880bb2330e05385b34dbb; 2015-03-05 16:15:27.045000; 2015-03-05 16:15:32.578000; sim ;1 ;414
54f880bb2330e05385b34dbc; 2015-03-05 16:15:27.286000; 2015-03-05 16:15:33.236000; sim ;1 ;415
54f880bb2330e05385b34dbd; 2015-03-05 16:15:27.421000; 2015-03-05 16:15:33.641000; sim ;1 ;416
54f880bb2330e05385b34dbe; 2015-03-05 16:15:27.671000; 2015-03-05 16:15:33.247000; sim ;1 ;417
54f880bb2330e05385b34dbf; 2015-03-05 16:15:27.924000; 2015-03-05 16:15:36.062000; sim ;1 ;418
54f880bb2330e05385b34dc0; 2015-03-05 16:15:28.302000; 2015-03-05 16:15:34.585000; sim ;1 ;419
54f880bb2330e05385b34dc1; 2015-03-05 16:15:28.613000; 2015-03-05 16:15:36.889000; sim ;1 ;420
54f880bb2330e05385b34dc2; 2015-03-05 16:15:28.916000; 2015-03-05 16:15:37.132000; sim ;1 ;421
54f880bb2330e05385b34dc3; 2015-03-05 16:15:29.167000; 2015-03-05 16:15:37.428000; sim ;1 ;422
54f880bb2330e05385b34dc4; 2015-03-05 16:15:29.305000; 2015-03-05 16:15:36.069000; sim ;1 ;423
54f880bb2330e05385b34dc5; 2015-03-05 16:15:29.621000; 2015-03-05 16:15:36.640000; sim ;1 ;424
54f880bb2330e05385b34dc6; 2015-03-05 16:15:29.983000; 2015-03-05 16:15:37.987000; sim ;1 ;425
54f880bb2330e05385b34dc7; 2015-03-05 16:15:30.123000; 2015-03-05 16:15:37.138000; sim ;1 ;426
54f880bb2330e05385b34dc8; 2015-03-05 16:15:30.378000; 2015-03-05 16:15:37.685000; sim ;1 ;427
54f880bb2330e05385b34dc9; 2015-03-05 16:15:30.517000; 2015-03-05 16:15:37.691000; sim ;1 ;428
54f880bb2330e05385b34dca; 2015-03-05 16:15:30.673000; 2015-03-05 16:15:37.992000; sim ;1 ;429
54f880bb2330e05385b34dcb; 2015-03-05 16:15:30.976000; 2015-03-05 16:15:38.863000; sim ;1 ;430
54f880bb2330e05385b34dcc; 2015-03-05 16:15:31.235000; 2015-03-05 16:15:38.868000; sim ;1 ;431
54f880bb2330e05385b34dcd; 2015-03-05 16:15:31.488000; 2015-03-05 16:15:38.560000; sim ;1 ;432
54f880bb2330e05385b34dce; 2015-03-05 16:15:31.752000; 2015-03-05 16:15:38.572000; sim ;1 ;433
54f880bb2330e05385b34dcf; 2015-03-05 16:15:31.885000; 2015-03-05 16:15:38.874000; sim ;1 ;434
54f880bb2330e05385b34dd0; 2015-03-05 16:15:32.196000; 2015-03-05 16:15:40.358000; sim ;1 ;435
54f880bb2330e05385b34dd1; 2015-03-05 16:15:32.449000; 2015-03-05 16:15:39.218000; sim ;1 ;436
54f880bb2330e05385b34dd2; 2015-03-05 16:15:32.865000; 2015-03-05 16:15:43.074000; sim ;1 ;437
54f880bb2330e05385b34dd3; 2015-03-05 16:15:33.108000; 2015-03-05 16:15:40.919000; sim ;1 ;438
54f880bb2330e05385b34dd4; 2015-03-05 16:15:33.534000; 2015-03-05 16:15:43.594000; sim ;1 ;439
54f880bb2330e05385b34dd5; 2015-03-05 16:15:33.790000; 2015-03-05 16:15:43.336000; sim ;1 ;440
54f880bb2330e05385b34dd6; 2015-03-05 16:15:34.038000; 2015-03-05 16:15:43.601000; sim ;1 ;441
54f880bb2330e05385b34dd7; 2015-03-05 16:15:34.172000; 2015-03-05 16:15:40.926000; sim ;1 ;442
54f880bb2330e05385b34dd8; 2015-03-05 16:15:34.313000; 2015-03-05 16:15:41.511000; sim ;1 ;443
54f880bb2330e05385b34dd9; 2015-03-05 16:15:34.455000; 2015-03-05 16:15:39.229000; sim ;1 ;444
54f880bb2330e05385b34dda; 2015-03-05 16:15:34.822000; 2015-03-05 16:15:43.606000; sim ;1 ;445
54f880bb2330e05385b34ddb; 2015-03-05 16:15:35.180000; 2015-03-05 16:15:48.762000; sim ;1 ;446
54f880bb2330e05385b34ddc; 2015-03-05 16:15:35.423000; 2015-03-05 16:15:44.132000; sim ;1 ;447
54f880bb2330e05385b34ddd; 2015-03-05 16:15:35.558000; 2015-03-05 16:15:49.713000; sim ;1 ;448
54f880bb2330e05385b34dde; 2015-03-05 16:15:35.687000; 2015-03-05 16:15:49.718000; sim ;1 ;449
54f880bb2330e05385b34ddf; 2015-03-05 16:15:35.819000; 2015-03-05 16:15:45.497000; sim ;1 ;450
54f880bb2330e05385b34de0; 2015-03-05 16:15:35.957000; 2015-03-05 16:15:45.504000; sim ;1 ;451
54f880bb2330e05385b34de1; 2015-03-05 16:15:36.261000; 2015-03-05 16:15:49.134000; sim ;1 ;452
54f880bb2330e05385b34de2; 2015-03-05 16:15:36.394000; 2015-03-05 16:15:45.512000; sim ;1 ;453
54f880bb2330e05385b34de3; 2015-03-05 16:15:36.533000; 2015-03-05 16:15:42.237000; sim ;1 ;454
54f880bb2330e05385b34de4; 2015-03-05 16:15:36.782000; 2015-03-05 16:15:45.977000; sim ;1 ;455
54f880bb2330e05385b34de5; 2015-03-05 16:15:37.027000; 2015-03-05 16:15:49.724000; sim ;1 ;456
54f880bb2330e05385b34de6; 2015-03-05 16:15:37.322000; 2015-03-05 16:15:49.168000; sim ;1 ;457
54f880bb2330e05385b34de7; 2015-03-05 16:15:37.579000; 2015-03-05 16:15:49.173000; sim ;1 ;458
54f880bb2330e05385b34de8; 2015-03-05 16:15:37.882000; 2015-03-05 16:15:45.988000; sim ;1 ;459
54f880bb2330e05385b34de9; 2015-03-05 16:15:38.178000; 2015-03-05 16:15:49.765000; sim ;1 ;460
54f880bb2330e05385b34dea; 2015-03-05 16:15:38.309000; 2015-03-05 16:15:47.189000; sim ;1 ;461
54f880bb2330e05385b34deb; 2015-03-05 16:15:38.454000; 2015-03-05 16:15:46.807000; sim ;1 ;462
54f880bb2330e05385b34dec; 2015-03-05 16:15:38.758000; 2015-03-05 16:15:50.684000; sim ;1 ;463
54f880bb2330e05385b34ded; 2015-03-05 16:15:39.113000; 2015-03-05 16:15:47.900000; sim ;1 ;464
54f880bb2330e05385b34dee; 2015-03-05 16:15:39.416000; 2015-03-05 16:15:47.910000; sim ;1 ;465
54f880bb2330e05385b34def; 2015-03-05 16:15:39.556000; 2015-03-05 16:15:47.928000; sim ;1 ;466
54f880bb2330e05385b34df0; 2015-03-05 16:15:39.702000; 2015-03-05 16:15:48.373000; sim ;1 ;467
54f880bb2330e05385b34df1; 2015-03-05 16:15:39.843000; 2015-03-05 16:15:48.381000; sim ;1 ;468
54f880bc2330e05385b34df2; 2015-03-05 16:15:39.971000; 2015-03-05 16:15:48.773000; sim ;1 ;469
54f880bc2330e05385b34df3; 2015-03-05 16:15:40.111000; 2015-03-05 16:15:47.197000; sim ;1 ;470
54f880bc2330e05385b34df4; 2015-03-05 16:15:40.252000; 2015-03-05 16:15:46.819000; sim ;1 ;471
54f880bc2330e05385b34df5; 2015-03-05 16:15:40.520000; 2015-03-05 16:15:52.679000; sim ;1 ;472
54f880bc2330e05385b34df6; 2015-03-05 16:15:40.679000; 2015-03-05 16:15:47.552000; sim ;1 ;473
54f880bc2330e05385b34df7; 2015-03-05 16:15:40.811000; 2015-03-05 16:15:47.934000; sim ;1 ;474
54f880bc2330e05385b34df8; 2015-03-05 16:15:41.119000; 2015-03-05 16:15:49.178000; sim ;1 ;475
54f880bc2330e05385b34df9; 2015-03-05 16:15:41.264000; 2015-03-05 16:15:49.184000; sim ;1 ;476
54f880bc2330e05385b34dfa; 2015-03-05 16:15:41.405000; 2015-03-05 16:15:49.189000; sim ;1 ;477
54f880bc2330e05385b34dfb; 2015-03-05 16:15:41.663000; 2015-03-05 16:15:49.772000; sim ;1 ;478
54f880bc2330e05385b34dfc; 2015-03-05 16:15:41.803000; 2015-03-05 16:15:50.261000; sim ;1 ;479
54f880bc2330e05385b34dfd; 2015-03-05 16:15:41.942000; 2015-03-05 16:15:50.267000; sim ;1 ;480
54f880bc2330e05385b34dfe; 2015-03-05 16:15:42.130000; 2015-03-05 16:15:50.271000; sim ;1 ;481
54f880bc2330e05385b34dff; 2015-03-05 16:15:42.396000; 2015-03-05 16:15:50.691000; sim ;1 ;482
54f880bc2330e05385b34e00; 2015-03-05 16:15:42.538000; 2015-03-05 16:15:51.246000; sim ;1 ;483
54f880bc2330e05385b34e01; 2015-03-05 16:15:42.673000; 2015-03-05 16:15:51.324000; sim ;1 ;484
54f880bc2330e05385b34e02; 2015-03-05 16:15:42.819000; 2015-03-05 16:15:51.330000; sim ;1 ;485
54f880bc2330e05385b34e03; 2015-03-05 16:15:42.965000; 2015-03-05 16:15:51.358000; sim ;1 ;486
54f880bc2330e05385b34e04; 2015-03-05 16:15:43.225000; 2015-03-05 16:15:54.371000; sim ;1 ;487
54f880bc2330e05385b34e05; 2015-03-05 16:15:43.488000; 2015-03-05 16:15:54.011000; sim ;1 ;488
54f880bc2330e05385b34e06; 2015-03-05 16:15:43.873000; 2015-03-05 16:15:54.376000; sim ;1 ;489
54f880bc2330e05385b34e07; 2015-03-05 16:15:44.024000; 2015-03-05 16:15:54.383000; sim ;1 ;490
54f880bc2330e05385b34e08; 2015-03-05 16:15:44.283000; 2015-03-05 16:15:54.388000; sim ;1 ;491
54f880bc2330e05385b34e09; 2015-03-05 16:15:44.436000; 2015-03-05 16:15:54.394000; sim ;1 ;492
54f880bc2330e05385b34e0a; 2015-03-05 16:15:44.574000; 2015-03-05 16:15:52.269000; sim ;1 ;493
54f880bc2330e05385b34e0b; 2015-03-05 16:15:44.711000; 2015-03-05 16:15:52.277000; sim ;1 ;494
54f880bc2330e05385b34e0c; 2015-03-05 16:15:44.941000; 2015-03-05 16:15:52.283000; sim ;1 ;495
54f880bc2330e05385b34e0d; 2015-03-05 16:15:45.111000; 2015-03-05 16:15:50.698000; sim ;1 ;496
54f880bc2330e05385b34e0e; 2015-03-05 16:15:45.390000; 2015-03-05 16:15:50.704000; sim ;1 ;497
54f880bc2330e05385b34e0f; 2015-03-05 16:15:45.867000; 2015-03-05 16:15:52.834000; sim ;1 ;498
54f880bc2330e05385b34e10; 2015-03-05 16:15:46.240000; 2015-03-05 16:15:53.149000; sim ;1 ;499
54f880bc2330e05385b34e11; 2015-03-05 16:15:46.460000; 2015-03-05 16:15:53.451000; sim ;1 ;500
54f880bc2330e05385b34e12; 2015-03-05 16:15:46.676000; 2015-03-05 16:15:54.017000; sim ;1 ;501
54f880bc2330e05385b34e13; 2015-03-05 16:15:47.067000; 2015-03-05 16:15:54.024000; sim ;1 ;502
54f880bc2330e05385b34e14; 2015-03-05 16:15:47.445000; 2015-03-05 16:15:54.399000; sim ;1 ;503
54f880bc2330e05385b34e15; 2015-03-05 16:15:47.785000; 2015-03-05 16:15:54.815000; sim ;1 ;504
54f880bc2330e05385b34e16; 2015-03-05 16:15:48.262000; 2015-03-05 16:15:54.820000; sim ;1 ;505
54f880bc2330e05385b34e17; 2015-03-05 16:15:48.654000; 2015-03-05 16:15:54.825000; sim ;1 ;506
54f880bc2330e05385b34e18; 2015-03-05 16:15:49.029000; 2015-03-05 16:15:56.038000; sim ;1 ;507
54f880bc2330e05385b34e19; 2015-03-05 16:15:49.608000; 2015-03-05 16:15:56.384000; sim ;1 ;508
54f880bc2330e05385b34e1a; 2015-03-05 16:15:50.146000; 2015-03-05 16:15:57.043000; sim ;1 ;509
54f880bc2330e05385b34e1b; 2015-03-05 16:15:50.557000; 2015-03-05 16:15:57.338000; sim ;1 ;510
54f880bc2330e05385b34e1c; 2015-03-05 16:15:51.139000; 2015-03-05 16:15:57.796000; sim ;1 ;511
54f880bc2330e05385b34e1d; 2015-03-05 16:15:51.661000; 2015-03-05 16:15:58.743000; sim ;1 ;512
54f881712330e05385b34e1e; 2015-03-05 16:16:55.012000; 2015-03-05 16:17:01.211000; ana ; 1; 1
54f882352330e05385b34e1f; 2015-03-05 16:20:07.880000; 2015-03-05 16:29:06.965000; ana ; 1; 1
54f885182330e05385b34e20; 2015-03-05 16:32:28.455000; 2015-03-05 16:34:34.395000; ana ; 1; 1
54f886012330e05385b34e21; 2015-03-05 16:39:37.200000; 2015-03-05 16:39:51.163000; sim ;2 ;1
54f886012330e05385b34e22; 2015-03-05 16:40:18.730000; 2015-03-05 16:40:38.291000; sim ;2 ;2
54f886012330e05385b34e23; 2015-03-05 16:40:19.129000; 2015-03-05 16:40:31.604000; sim ;2 ;3
54f886012330e05385b34e24; 2015-03-05 16:40:19.390000; 2015-03-05 16:40:41.146000; sim ;2 ;4
54f886012330e05385b34e25; 2015-03-05 16:39:53.104000; 2015-03-05 16:40:06.305000; sim ;2 ;5
54f886012330e05385b34e26; 2015-03-05 16:40:19.779000; 2015-03-05 16:40:39.271000; sim ;2 ;6
54f886012330e05385b34e27; 2015-03-05 16:40:20.233000; 2015-03-05 16:40:39.281000; sim ;2 ;7
54f886012330e05385b34e28; 2015-03-05 16:40:20.683000; 2015-03-05 16:40:34.406000; sim ;2 ;8
54f886012330e05385b34e29; 2015-03-05 16:40:20.839000; 2015-03-05 16:40:35.051000; sim ;2 ;9
54f886012330e05385b34e2a; 2015-03-05 16:39:53.374000; 2015-03-05 16:40:09.122000; sim ;2 ;10
54f886012330e05385b34e2b; 2015-03-05 16:40:20.991000; 2015-03-05 16:40:40.207000; sim ;2 ;11
54f886012330e05385b34e2c; 2015-03-05 16:40:21.158000; 2015-03-05 16:40:34.740000; sim ;2 ;12
54f886012330e05385b34e2d; 2015-03-05 16:40:21.307000; 2015-03-05 16:40:37.231000; sim ;2 ;13
54f886012330e05385b34e2e; 2015-03-05 16:40:21.588000; 2015-03-05 16:40:37.240000; sim ;2 ;14
54f886012330e05385b34e2f; 2015-03-05 16:39:59.332000; 2015-03-05 16:40:11.706000; sim ;2 ;15
54f886012330e05385b34e30; 2015-03-05 16:40:01.571000; 2015-03-05 16:40:17.786000; sim ;2 ;16
54f886012330e05385b34e31; 2015-03-05 16:40:03.645000; 2015-03-05 16:40:17.795000; sim ;2 ;17
54f886012330e05385b34e32; 2015-03-05 16:39:53.519000; 2015-03-05 16:40:08.856000; sim ;2 ;18
54f886012330e05385b34e33; 2015-03-05 16:39:38.285000; 2015-03-05 16:39:50.748000; sim ;2 ;19
54f886012330e05385b34e34; 2015-03-05 16:39:39.809000; 2015-03-05 16:39:52.518000; sim ;2 ;20
54f886012330e05385b34e35; 2015-03-05 16:39:40.635000; 2015-03-05 16:39:56.736000; sim ;2 ;21
54f886012330e05385b34e36; 2015-03-05 16:39:41.063000; 2015-03-05 16:39:57.350000; sim ;2 ;22
54f886012330e05385b34e37; 2015-03-05 16:39:41.616000; 2015-03-05 16:39:52.944000; sim ;2 ;23
54f886012330e05385b34e38; 2015-03-05 16:39:42.037000; 2015-03-05 16:39:56.314000; sim ;2 ;24
54f886012330e05385b34e39; 2015-03-05 16:39:42.297000; 2015-03-05 16:39:55.698000; sim ;2 ;25
54f886012330e05385b34e3a; 2015-03-05 16:39:56.476000; 2015-03-05 16:40:08.323000; sim ;2 ;26
54f886012330e05385b34e3b; 2015-03-05 16:39:42.759000; 2015-03-05 16:39:57.363000; sim ;2 ;27
54f886012330e05385b34e3c; 2015-03-05 16:39:42.913000; 2015-03-05 16:39:57.372000; sim ;2 ;28
54f886012330e05385b34e3d; 2015-03-05 16:40:21.870000; 2015-03-05 16:40:39.288000; sim ;2 ;29
54f886012330e05385b34e3e; 2015-03-05 16:39:43.057000; 2015-03-05 16:39:57.384000; sim ;2 ;30
54f886012330e05385b34e3f; 2015-03-05 16:39:43.219000; 2015-03-05 16:39:57.922000; sim ;2 ;31
54f886012330e05385b34e40; 2015-03-05 16:39:43.387000; 2015-03-05 16:39:57.397000; sim ;2 ;32
54f886012330e05385b34e41; 2015-03-05 16:39:43.653000; 2015-03-05 16:39:54.979000; sim ;2 ;33
54f886012330e05385b34e42; 2015-03-05 16:39:44.376000; 2015-03-05 16:39:57.930000; sim ;2 ;34
54f886012330e05385b34e43; 2015-03-05 16:39:44.709000; 2015-03-05 16:40:01.032000; sim ;2 ;35
54f886012330e05385b34e44; 2015-03-05 16:39:46.761000; 2015-03-05 16:40:01.040000; sim ;2 ;36
54f886012330e05385b34e45; 2015-03-05 16:39:47.381000; 2015-03-05 16:40:03.757000; sim ;2 ;37
54f886012330e05385b34e46; 2015-03-05 16:39:49.386000; 2015-03-05 16:40:02.134000; sim ;2 ;38
54f886012330e05385b34e47; 2015-03-05 16:39:49.529000; 2015-03-05 16:40:02.145000; sim ;2 ;39
54f886012330e05385b34e48; 2015-03-05 16:39:58.182000; 2015-03-05 16:40:14.463000; sim ;2 ;40
54f886012330e05385b34e49; 2015-03-05 16:39:58.606000; 2015-03-05 16:40:15.328000; sim ;2 ;41
54f886012330e05385b34e4a; 2015-03-05 16:39:50.135000; 2015-03-05 16:40:04.031000; sim ;2 ;42
54f886012330e05385b34e4b; 2015-03-05 16:39:18.410000; 2015-03-05 16:39:33.619000; sim ;2 ;43
54f886012330e05385b34e4c; 2015-03-05 16:39:45.029000; 2015-03-05 16:39:58.875000; sim ;2 ;44
54f886012330e05385b34e4d; 2015-03-05 16:39:45.423000; 2015-03-05 16:40:01.352000; sim ;2 ;45
54f886012330e05385b34e4e; 2015-03-05 16:39:56.900000; 2015-03-05 16:40:12.695000; sim ;2 ;46
54f886012330e05385b34e4f; 2015-03-05 16:39:51.054000; 2015-03-05 16:40:04.846000; sim ;2 ;47
54f886012330e05385b34e50; 2015-03-05 16:39:56.199000; 2015-03-05 16:40:08.051000; sim ;2 ;48
54f886012330e05385b34e51; 2015-03-05 16:39:57.226000; 2015-03-05 16:40:09.673000; sim ;2 ;49
54f886012330e05385b34e52; 2015-03-05 16:39:51.995000; 2015-03-05 16:40:05.183000; sim ;2 ;50
54f886012330e05385b34e53; 2015-03-05 16:39:08.222000; 2015-03-05 16:39:24.493000; sim ;2 ;51
54f886012330e05385b34e54; 2015-03-05 16:39:53.954000; 2015-03-05 16:40:10.007000; sim ;2 ;52
54f886012330e05385b34e55; 2015-03-05 16:39:55.569000; 2015-03-05 16:40:06.789000; sim ;2 ;53
54f886012330e05385b34e56; 2015-03-05 16:40:22.147000; 2015-03-05 16:40:40.597000; sim ;2 ;54
54f886012330e05385b34e57; 2015-03-05 16:40:22.311000; 2015-03-05 16:40:37.251000; sim ;2 ;55
54f886012330e05385b34e58; 2015-03-05 16:40:03.918000; 2015-03-05 16:40:19.514000; sim ;2 ;56
54f886012330e05385b34e59; 2015-03-05 16:40:00.662000; 2015-03-05 16:40:09.689000; sim ;2 ;57
54f886012330e05385b34e5a; 2015-03-05 16:39:45.794000; 2015-03-05 16:40:01.693000; sim ;2 ;58
54f886012330e05385b34e5b; 2015-03-05 16:40:22.586000; 2015-03-05 16:40:37.762000; sim ;2 ;59
54f886012330e05385b34e5c; 2015-03-05 16:39:02.420000; 2015-03-05 16:39:16.717000; sim ;2 ;60
54f886012330e05385b34e5d; 2015-03-05 16:40:04.192000; 2015-03-05 16:40:18.844000; sim ;2 ;61
54f886012330e05385b34e5e; 2015-03-05 16:40:22.863000; 2015-03-05 16:40:38.568000; sim ;2 ;62
54f886012330e05385b34e5f; 2015-03-05 16:39:46.065000; 2015-03-05 16:40:02.090000; sim ;2 ;63
54f886012330e05385b34e60; 2015-03-05 16:40:23.022000; 2015-03-05 16:40:36.686000; sim ;2 ;64
54f886012330e05385b34e61; 2015-03-05 16:40:23.288000; 2015-03-05 16:40:41.537000; sim ;2 ;65
54f886012330e05385b34e62; 2015-03-05 16:39:47.973000; 2015-03-05 16:40:02.753000; sim ;2 ;66
54f886012330e05385b34e63; 2015-03-05 16:40:23.451000; 2015-03-05 16:40:37.774000; sim ;2 ;67
54f886012330e05385b34e64; 2015-03-05 16:39:02.581000; 2015-03-05 16:39:19.582000; sim ;2 ;68
54f886012330e05385b34e65; 2015-03-05 16:39:09.723000; 2015-03-05 16:39:22.141000; sim ;2 ;69
54f886012330e05385b34e66; 2015-03-05 16:39:09.431000; 2015-03-05 16:39:25.519000; sim ;2 ;70
54f886012330e05385b34e67; 2015-03-05 16:39:10.129000; 2015-03-05 16:39:26.260000; sim ;2 ;71
54f886012330e05385b34e68; 2015-03-05 16:39:09.052000; 2015-03-05 16:39:31.819000; sim ;2 ;72
54f886012330e05385b34e69; 2015-03-05 16:39:05.651000; 2015-03-05 16:39:22.133000; sim ;2 ;73
54f886012330e05385b34e6a; 2015-03-05 16:39:50.600000; 2015-03-05 16:40:06.281000; sim ;2 ;74
54f886012330e05385b34e6b; 2015-03-05 16:39:51.438000; 2015-03-05 16:40:05.175000; sim ;2 ;75
54f886012330e05385b34e6c; 2015-03-05 16:40:23.610000; 2015-03-05 16:40:39.300000; sim ;2 ;76
54f886012330e05385b34e6d; 2015-03-05 16:39:52.142000; 2015-03-05 16:40:05.953000; sim ;2 ;77
54f886012330e05385b34e6e; 2015-03-05 16:39:54.554000; 2015-03-05 16:40:10.020000; sim ;2 ;78
54f886012330e05385b34e6f; 2015-03-05 16:39:55.135000; 2015-03-05 16:40:07.214000; sim ;2 ;79
54f886012330e05385b34e70; 2015-03-05 16:39:18.552000; 2015-03-05 16:39:33.632000; sim ;2 ;80
54f886012330e05385b34e71; 2015-03-05 16:39:56.621000; 2015-03-05 16:40:09.397000; sim ;2 ;81
54f886012330e05385b34e72; 2015-03-05 16:39:58.460000; 2015-03-05 16:40:16.458000; sim ;2 ;82
54f886012330e05385b34e73; 2015-03-05 16:39:58.757000; 2015-03-05 16:40:10.347000; sim ;2 ;83
54f886012330e05385b34e74; 2015-03-05 16:39:59.183000; 2015-03-05 16:40:12.098000; sim ;2 ;84
54f886012330e05385b34e75; 2015-03-05 16:39:59.498000; 2015-03-05 16:40:11.721000; sim ;2 ;85
54f886012330e05385b34e76; 2015-03-05 16:39:59.658000; 2015-03-05 16:40:12.107000; sim ;2 ;86
54f886012330e05385b34e77; 2015-03-05 16:40:00.067000; 2015-03-05 16:40:16.471000; sim ;2 ;87
54f886012330e05385b34e78; 2015-03-05 16:40:00.214000; 2015-03-05 16:40:12.120000; sim ;2 ;88
54f886012330e05385b34e79; 2015-03-05 16:40:23.772000; 2015-03-05 16:40:38.577000; sim ;2 ;89
54f886012330e05385b34e7a; 2015-03-05 16:40:24.114000; 2015-03-05 16:40:38.887000; sim ;2 ;90
54f886012330e05385b34e7b; 2015-03-05 16:40:24.865000; 2015-03-05 16:40:40.217000; sim ;2 ;91
54f886012330e05385b34e7c; 2015-03-05 16:39:02.722000; 2015-03-05 16:39:19.596000; sim ;2 ;92
54f886012330e05385b34e7d; 2015-03-05 16:38:14.605000; 2015-03-05 16:38:21.754000; sim ;2 ;93
54f886012330e05385b34e7e; 2015-03-05 16:37:33.632000; 2015-03-05 16:37:40.753000; sim ;2 ;94
54f886012330e05385b34e7f; 2015-03-05 16:38:06.455000; 2015-03-05 16:38:14.115000; sim ;2 ;95
54f886012330e05385b34e80; 2015-03-05 16:38:11.873000; 2015-03-05 16:38:19.367000; sim ;2 ;96
54f886012330e05385b34e81; 2015-03-05 16:37:57.369000; 2015-03-05 16:38:06.124000; sim ;2 ;97
54f886012330e05385b34e82; 2015-03-05 16:38:55.579000; 2015-03-05 16:39:08.739000; sim ;2 ;98
54f886012330e05385b34e83; 2015-03-05 16:40:25.190000; 2015-03-05 16:40:40.869000; sim ;2 ;99
54f886012330e05385b34e84; 2015-03-05 16:40:25.723000; 2015-03-05 16:40:41.157000; sim ;2 ;100
54f886012330e05385b34e85; 2015-03-05 16:40:26.024000; 2015-03-05 16:40:41.556000; sim ;2 ;101
54f886012330e05385b34e86; 2015-03-05 16:38:29.394000; 2015-03-05 16:38:42.063000; sim ;2 ;102
54f886012330e05385b34e87; 2015-03-05 16:40:26.614000; 2015-03-05 16:40:41.998000; sim ;2 ;103
54f886012330e05385b34e88; 2015-03-05 16:39:09.866000; 2015-03-05 16:39:21.605000; sim ;2 ;104
54f886012330e05385b34e89; 2015-03-05 16:40:26.888000; 2015-03-05 16:40:45.164000; sim ;2 ;105
54f886012330e05385b34e8a; 2015-03-05 16:37:36.218000; 2015-03-05 16:37:43.719000; sim ;2 ;106
54f886012330e05385b34e8b; 2015-03-05 16:38:53.103000; 2015-03-05 16:39:09.162000; sim ;2 ;107
54f886012330e05385b34e8c; 2015-03-05 16:40:27.061000; 2015-03-05 16:40:41.566000; sim ;2 ;108
54f886012330e05385b34e8d; 2015-03-05 16:37:51.785000; 2015-03-05 16:37:58.981000; sim ;2 ;109
54f886012330e05385b34e8e; 2015-03-05 16:40:27.210000; 2015-03-05 16:40:42.008000; sim ;2 ;110
54f886012330e05385b34e8f; 2015-03-05 16:40:27.591000; 2015-03-05 16:40:45.878000; sim ;2 ;111
54f886012330e05385b34e90; 2015-03-05 16:40:27.751000; 2015-03-05 16:40:42.019000; sim ;2 ;112
54f886012330e05385b34e91; 2015-03-05 16:40:27.912000; 2015-03-05 16:40:38.896000; sim ;2 ;113
54f886012330e05385b34e92; 2015-03-05 16:40:28.306000; 2015-03-05 16:40:38.905000; sim ;2 ;114
54f886012330e05385b34e93; 2015-03-05 16:40:28.646000; 2015-03-05 16:40:47.340000; sim ;2 ;115
54f886012330e05385b34e94; 2015-03-05 16:40:29.107000; 2015-03-05 16:40:42.403000; sim ;2 ;116
54f886012330e05385b34e95; 2015-03-05 16:40:29.420000; 2015-03-05 16:40:47.808000; sim ;2 ;117
54f886012330e05385b34e96; 2015-03-05 16:40:29.740000; 2015-03-05 16:40:42.415000; sim ;2 ;118
54f886012330e05385b34e97; 2015-03-05 16:40:30.232000; 2015-03-05 16:40:43.048000; sim ;2 ;119
54f886012330e05385b34e98; 2015-03-05 16:40:30.588000; 2015-03-05 16:40:45.888000; sim ;2 ;120
54f886012330e05385b34e99; 2015-03-05 16:40:30.798000; 2015-03-05 16:40:44.256000; sim ;2 ;121
54f886012330e05385b34e9a; 2015-03-05 16:40:31.115000; 2015-03-05 16:40:48.388000; sim ;2 ;122
54f886012330e05385b34e9b; 2015-03-05 16:40:31.492000; 2015-03-05 16:40:48.664000; sim ;2 ;123
54f886012330e05385b34e9c; 2015-03-05 16:40:31.778000; 2015-03-05 16:40:43.813000; sim ;2 ;124
54f886012330e05385b34e9d; 2015-03-05 16:40:32.005000; 2015-03-05 16:40:45.609000; sim ;2 ;125
54f886012330e05385b34e9e; 2015-03-05 16:40:32.244000; 2015-03-05 16:40:45.898000; sim ;2 ;126
54f886012330e05385b34e9f; 2015-03-05 16:40:32.481000; 2015-03-05 16:40:46.329000; sim ;2 ;127
54f886012330e05385b34ea0; 2015-03-05 16:40:32.791000; 2015-03-05 16:40:48.944000; sim ;2 ;128
54f886012330e05385b34ea1; 2015-03-05 16:40:32.999000; 2015-03-05 16:40:46.610000; sim ;2 ;129
54f886012330e05385b34ea2; 2015-03-05 16:40:33.202000; 2015-03-05 16:40:46.620000; sim ;2 ;130
54f886012330e05385b34ea3; 2015-03-05 16:40:33.420000; 2015-03-05 16:40:46.943000; sim ;2 ;131
54f886012330e05385b34ea4; 2015-03-05 16:40:33.606000; 2015-03-05 16:40:47.354000; sim ;2 ;132
54f886012330e05385b34ea5; 2015-03-05 16:40:33.797000; 2015-03-05 16:40:47.364000; sim ;2 ;133
54f886012330e05385b34ea6; 2015-03-05 16:40:33.994000; 2015-03-05 16:40:49.465000; sim ;2 ;134
54f886012330e05385b34ea7; 2015-03-05 16:40:34.192000; 2015-03-05 16:40:47.372000; sim ;2 ;135
54f886012330e05385b34ea8; 2015-03-05 16:40:43.208000; 2015-03-05 16:40:56.742000; sim ;2 ;136
54f886012330e05385b34ea9; 2015-03-05 16:40:43.537000; 2015-03-05 16:40:54.425000; sim ;2 ;137
54f886012330e05385b34eaa; 2015-03-05 16:40:34.626000; 2015-03-05 16:40:46.960000; sim ;2 ;138
54f886012330e05385b34eab; 2015-03-05 16:39:09.577000; 2015-03-05 16:39:23.470000; sim ;2 ;139
54f886012330e05385b34eac; 2015-03-05 16:39:10.407000; 2015-03-05 16:39:23.157000; sim ;2 ;140
54f886012330e05385b34ead; 2015-03-05 16:39:02.867000; 2015-03-05 16:39:19.606000; sim ;2 ;141
54f886022330e05385b34eae; 2015-03-05 16:39:16.584000; 2015-03-05 16:39:31.503000; sim ;2 ;142
54f886022330e05385b34eaf; 2015-03-05 16:39:13.315000; 2015-03-05 16:39:28.166000; sim ;2 ;143
54f886022330e05385b34eb0; 2015-03-05 16:38:55.738000; 2015-03-05 16:39:08.746000; sim ;2 ;144
54f886022330e05385b34eb1; 2015-03-05 16:39:03.019000; 2015-03-05 16:39:19.617000; sim ;2 ;145
54f886022330e05385b34eb2; 2015-03-05 16:39:13.935000; 2015-03-05 16:39:28.692000; sim ;2 ;146
54f886022330e05385b34eb3; 2015-03-05 16:39:14.699000; 2015-03-05 16:39:29.427000; sim ;2 ;147
54f886022330e05385b34eb4; 2015-03-05 16:39:14.974000; 2015-03-05 16:39:30.281000; sim ;2 ;148
54f886022330e05385b34eb5; 2015-03-05 16:40:34.941000; 2015-03-05 16:40:45.909000; sim ;2 ;149
54f886022330e05385b34eb6; 2015-03-05 16:39:18.698000; 2015-03-05 16:39:34.349000; sim ;2 ;150
54f886022330e05385b34eb7; 2015-03-05 16:40:35.226000; 2015-03-05 16:40:46.969000; sim ;2 ;151
54f886022330e05385b34eb8; 2015-03-05 16:40:43.989000; 2015-03-05 16:40:57.324000; sim ;2 ;152
54f886022330e05385b34eb9; 2015-03-05 16:40:44.416000; 2015-03-05 16:40:56.750000; sim ;2 ;153
54f886022330e05385b34eba; 2015-03-05 16:40:44.738000; 2015-03-05 16:40:56.758000; sim ;2 ;154
54f886022330e05385b34ebb; 2015-03-05 16:40:45.050000; 2015-03-05 16:40:56.768000; sim ;2 ;155
54f886022330e05385b34ebc; 2015-03-05 16:40:45.497000; 2015-03-05 16:40:57.659000; sim ;2 ;156
54f886022330e05385b34ebd; 2015-03-05 16:40:46.214000; 2015-03-05 16:40:57.338000; sim ;2 ;157
54f886022330e05385b34ebe; 2015-03-05 16:40:46.830000; 2015-03-05 16:40:58.056000; sim ;2 ;158
54f886022330e05385b34ebf; 2015-03-05 16:40:47.697000; 2015-03-05 16:40:58.072000; sim ;2 ;159
54f886022330e05385b34ec0; 2015-03-05 16:40:48.125000; 2015-03-05 16:40:59.123000; sim ;2 ;160
54f886022330e05385b34ec1; 2015-03-05 16:38:37.031000; 2015-03-05 16:38:45.131000; sim ;2 ;161
54f886022330e05385b34ec2; 2015-03-05 16:38:55.878000; 2015-03-05 16:39:09.170000; sim ;2 ;162
54f886022330e05385b34ec3; 2015-03-05 16:38:56.013000; 2015-03-05 16:39:08.756000; sim ;2 ;163
54f886022330e05385b34ec4; 2015-03-05 16:40:36.520000; 2015-03-05 16:40:57.821000; sim ;2 ;164
54f886022330e05385b34ec5; 2015-03-05 16:38:20.703000; 2015-03-05 16:38:28.565000; sim ;2 ;165
54f886022330e05385b34ec6; 2015-03-05 16:40:37.025000; 2015-03-05 16:40:53.315000; sim ;2 ;166
54f886022330e05385b34ec7; 2015-03-05 16:40:37.642000; 2015-03-05 16:40:53.056000; sim ;2 ;167
54f886022330e05385b34ec8; 2015-03-05 16:40:38.025000; 2015-03-05 16:40:53.322000; sim ;2 ;168
54f886022330e05385b34ec9; 2015-03-05 16:40:38.181000; 2015-03-05 16:40:53.330000; sim ;2 ;169
54f886022330e05385b34eca; 2015-03-05 16:40:38.457000; 2015-03-05 16:40:53.672000; sim ;2 ;170
54f886022330e05385b34ecb; 2015-03-05 16:40:38.775000; 2015-03-05 16:40:52.488000; sim ;2 ;171
54f886022330e05385b34ecc; 2015-03-05 16:38:56.160000; 2015-03-05 16:39:09.178000; sim ;2 ;172
54f886022330e05385b34ecd; 2015-03-05 16:40:39.159000; 2015-03-05 16:40:51.740000; sim ;2 ;173
54f886022330e05385b34ece; 2015-03-05 16:40:39.667000; 2015-03-05 16:40:54.399000; sim ;2 ;174
54f886022330e05385b34ecf; 2015-03-05 16:40:39.826000; 2015-03-05 16:40:54.794000; sim ;2 ;175
54f886022330e05385b34ed0; 2015-03-05 16:40:40.095000; 2015-03-05 16:40:53.339000; sim ;2 ;176
54f886022330e05385b34ed1; 2015-03-05 16:40:40.484000; 2015-03-05 16:40:53.683000; sim ;2 ;177
54f886022330e05385b34ed2; 2015-03-05 16:40:40.757000; 2015-03-05 16:40:54.801000; sim ;2 ;178
54f886022330e05385b34ed3; 2015-03-05 16:40:41.033000; 2015-03-05 16:40:54.417000; sim ;2 ;179
54f886022330e05385b34ed4; 2015-03-05 16:40:41.423000; 2015-03-05 16:40:55.030000; sim ;2 ;180
54f886022330e05385b34ed5; 2015-03-05 16:40:41.878000; 2015-03-05 16:40:56.027000; sim ;2 ;181
54f886022330e05385b34ed6; 2015-03-05 16:40:42.286000; 2015-03-05 16:40:56.718000; sim ;2 ;182
54f886022330e05385b34ed7; 2015-03-05 16:40:42.623000; 2015-03-05 16:40:56.728000; sim ;2 ;183
54f886022330e05385b34ed8; 2015-03-05 16:40:42.776000; 2015-03-05 16:40:56.736000; sim ;2 ;184
54f886022330e05385b34ed9; 2015-03-05 16:40:42.925000; 2015-03-05 16:40:57.317000; sim ;2 ;185
54f886022330e05385b34eda; 2015-03-05 16:40:43.369000; 2015-03-05 16:40:56.191000; sim ;2 ;186
54f886022330e05385b34edb; 2015-03-05 16:40:43.702000; 2015-03-05 16:40:55.295000; sim ;2 ;187
54f886022330e05385b34edc; 2015-03-05 16:40:44.141000; 2015-03-05 16:40:55.760000; sim ;2 ;188
54f886022330e05385b34edd; 2015-03-05 16:40:44.572000; 2015-03-05 16:40:56.553000; sim ;2 ;189
54f886022330e05385b34ede; 2015-03-05 16:38:37.599000; 2015-03-05 16:38:45.578000; sim ;2 ;190
54f886022330e05385b34edf; 2015-03-05 16:40:44.893000; 2015-03-05 16:40:57.331000; sim ;2 ;191
54f886022330e05385b34ee0; 2015-03-05 16:40:45.333000; 2015-03-05 16:40:56.780000; sim ;2 ;192
54f886022330e05385b34ee1; 2015-03-05 16:40:45.766000; 2015-03-05 16:40:57.939000; sim ;2 ;193
54f886022330e05385b34ee2; 2015-03-05 16:40:46.495000; 2015-03-05 16:41:01.063000; sim ;2 ;194
54f886022330e05385b34ee3; 2015-03-05 16:40:47.226000; 2015-03-05 16:40:58.064000; sim ;2 ;195
54f886022330e05385b34ee4; 2015-03-05 16:39:46.599000; 2015-03-05 16:40:01.367000; sim ;2 ;196
54f886022330e05385b34ee5; 2015-03-05 16:40:47.971000; 2015-03-05 16:40:58.794000; sim ;2 ;197
54f886022330e05385b34ee6; 2015-03-05 16:39:47.695000; 2015-03-05 16:40:02.745000; sim ;2 ;198
54f886022330e05385b34ee7; 2015-03-05 16:39:39.219000; 2015-03-05 16:39:51.187000; sim ;2 ;199
54f886022330e05385b34ee8; 2015-03-05 16:40:48.276000; 2015-03-05 16:40:59.297000; sim ;2 ;200
54f886022330e05385b34ee9; 2015-03-05 16:40:48.554000; 2015-03-05 16:40:58.801000; sim ;2 ;201
54f886022330e05385b34eea; 2015-03-05 16:39:47.533000; 2015-03-05 16:40:02.735000; sim ;2 ;202
54f886022330e05385b34eeb; 2015-03-05 16:40:48.831000; 2015-03-05 16:40:58.807000; sim ;2 ;203
54f886022330e05385b34eec; 2015-03-05 16:39:48.503000; 2015-03-05 16:40:00.502000; sim ;2 ;204
54f886022330e05385b34eed; 2015-03-05 16:40:12.584000; 2015-03-05 16:40:26.138000; sim ;2 ;205
54f886022330e05385b34eee; 2015-03-05 16:40:11.432000; 2015-03-05 16:40:24.249000; sim ;2 ;206
54f886022330e05385b34eef; 2015-03-05 16:40:24.516000; 2015-03-05 16:40:39.311000; sim ;2 ;207
54f886022330e05385b34ef0; 2015-03-05 16:38:35.820000; 2015-03-05 16:38:44.783000; sim ;2 ;208
54f886022330e05385b34ef1; 2015-03-05 16:40:13.158000; 2015-03-05 16:40:28.023000; sim ;2 ;209
54f886022330e05385b34ef2; 2015-03-05 16:40:10.991000; 2015-03-05 16:40:24.629000; sim ;2 ;210
54f886022330e05385b34ef3; 2015-03-05 16:39:47.054000; 2015-03-05 16:40:02.110000; sim ;2 ;211
54f886022330e05385b34ef4; 2015-03-05 16:40:11.271000; 2015-03-05 16:40:28.418000; sim ;2 ;212
54f886022330e05385b34ef5; 2015-03-05 16:39:40.799000; 2015-03-05 16:39:54.673000; sim ;2 ;213
54f886022330e05385b34ef6; 2015-03-05 16:40:12.850000; 2015-03-05 16:40:29.222000; sim ;2 ;214
54f886022330e05385b34ef7; 2015-03-05 16:40:14.008000; 2015-03-05 16:40:28.767000; sim ;2 ;215
54f886022330e05385b34ef8; 2015-03-05 16:40:15.215000; 2015-03-05 16:40:29.866000; sim ;2 ;216
54f886022330e05385b34ef9; 2015-03-05 16:40:14.628000; 2015-03-05 16:40:30.931000; sim ;2 ;217
54f886022330e05385b34efa; 2015-03-05 16:40:15.482000; 2015-03-05 16:40:32.607000; sim ;2 ;218
54f886022330e05385b34efb; 2015-03-05 16:39:21.488000; 2015-03-05 16:39:36.456000; sim ;2 ;219
54f886022330e05385b34efc; 2015-03-05 16:39:03.943000; 2015-03-05 16:39:19.652000; sim ;2 ;220
54f886022330e05385b34efd; 2015-03-05 16:39:37.583000; 2015-03-05 16:39:53.788000; sim ;2 ;221
54f886022330e05385b34efe; 2015-03-05 16:39:49.233000; 2015-03-05 16:40:02.126000; sim ;2 ;222
54f886022330e05385b34eff; 2015-03-05 16:38:37.363000; 2015-03-05 16:38:45.136000; sim ;2 ;223
54f886022330e05385b34f00; 2015-03-05 16:38:26.401000; 2015-03-05 16:38:40.112000; sim ;2 ;224
54f886022330e05385b34f01; 2015-03-05 16:38:58.320000; 2015-03-05 16:39:13.057000; sim ;2 ;225
54f886022330e05385b34f02; 2015-03-05 16:39:12.949000; 2015-03-05 16:39:26.923000; sim ;2 ;226
54f886022330e05385b34f03; 2015-03-05 16:39:57.803000; 2015-03-05 16:40:14.119000; sim ;2 ;227
54f886022330e05385b34f04; 2015-03-05 16:38:49.497000; 2015-03-05 16:39:00.915000; sim ;2 ;228
54f886022330e05385b34f05; 2015-03-05 16:37:56.029000; 2015-03-05 16:38:04.694000; sim ;2 ;229
54f886022330e05385b34f06; 2015-03-05 16:37:55.669000; 2015-03-05 16:38:04.237000; sim ;2 ;230
54f886022330e05385b34f07; 2015-03-05 16:39:52.408000; 2015-03-05 16:40:05.507000; sim ;2 ;231
54f886022330e05385b34f08; 2015-03-05 16:37:58.697000; 2015-03-05 16:38:07.112000; sim ;2 ;232
54f886022330e05385b34f09; 2015-03-05 16:38:30.673000; 2015-03-05 16:38:42.847000; sim ;2 ;233
54f886022330e05385b34f0a; 2015-03-05 16:38:54.038000; 2015-03-05 16:39:09.978000; sim ;2 ;234
54f886022330e05385b34f0b; 2015-03-05 16:40:01.241000; 2015-03-05 16:40:17.522000; sim ;2 ;235
54f886022330e05385b34f0c; 2015-03-05 16:39:40.371000; 2015-03-05 16:39:54.075000; sim ;2 ;236
54f886022330e05385b34f0d; 2015-03-05 16:40:05.390000; 2015-03-05 16:40:19.902000; sim ;2 ;237
54f886022330e05385b34f0e; 2015-03-05 16:39:54.870000; 2015-03-05 16:40:11.105000; sim ;2 ;238
54f886022330e05385b34f0f; 2015-03-05 16:40:04.462000; 2015-03-05 16:40:19.891000; sim ;2 ;239
54f886022330e05385b34f10; 2015-03-05 16:40:07.365000; 2015-03-05 16:40:19.916000; sim ;2 ;240
54f886022330e05385b34f11; 2015-03-05 16:40:05.838000; 2015-03-05 16:40:20.345000; sim ;2 ;241
54f886022330e05385b34f12; 2015-03-05 16:40:09.007000; 2015-03-05 16:40:25.559000; sim ;2 ;242
54f886022330e05385b34f13; 2015-03-05 16:40:07.939000; 2015-03-05 16:40:21.420000; sim ;2 ;243
54f886022330e05385b34f14; 2015-03-05 16:39:39.490000; 2015-03-05 16:39:52.253000; sim ;2 ;244
54f886022330e05385b34f15; 2015-03-05 16:39:38.816000; 2015-03-05 16:39:51.840000; sim ;2 ;245
54f886022330e05385b34f16; 2015-03-05 16:40:11.584000; 2015-03-05 16:40:24.645000; sim ;2 ;246
54f886022330e05385b34f17; 2015-03-05 16:40:08.479000; 2015-03-05 16:40:21.987000; sim ;2 ;247
54f886022330e05385b34f18; 2015-03-05 16:39:35.323000; 2015-03-05 16:39:47.808000; sim ;2 ;248
54f886022330e05385b34f19; 2015-03-05 16:40:13.313000; 2015-03-05 16:40:28.032000; sim ;2 ;249
54f886022330e05385b34f1a; 2015-03-05 16:39:25.707000; 2015-03-05 16:39:40.911000; sim ;2 ;250
54f886022330e05385b34f1b; 2015-03-05 16:39:30.511000; 2015-03-05 16:39:45.538000; sim ;2 ;251
54f886022330e05385b34f1c; 2015-03-05 16:39:27.134000; 2015-03-05 16:39:39.327000; sim ;2 ;252
54f886022330e05385b34f1d; 2015-03-05 16:39:36.047000; 2015-03-05 16:39:49.944000; sim ;2 ;253
54f886022330e05385b34f1e; 2015-03-05 16:39:29.633000; 2015-03-05 16:39:43.780000; sim ;2 ;254
54f886022330e05385b34f1f; 2015-03-05 16:39:31.137000; 2015-03-05 16:39:45.547000; sim ;2 ;255
54f886022330e05385b34f20; 2015-03-05 16:39:32.577000; 2015-03-05 16:39:48.619000; sim ;2 ;256
54f886022330e05385b34f21; 2015-03-05 16:39:35.489000; 2015-03-05 16:39:51.555000; sim ;2 ;257
54f886022330e05385b34f22; 2015-03-05 16:40:15.644000; 2015-03-05 16:40:29.877000; sim ;2 ;258
54f886022330e05385b34f23; 2015-03-05 16:39:31.393000; 2015-03-05 16:39:41.465000; sim ;2 ;259
54f886022330e05385b34f24; 2015-03-05 16:39:32.048000; 2015-03-05 16:39:48.083000; sim ;2 ;260
54f886022330e05385b34f25; 2015-03-05 16:39:41.209000; 2015-03-05 16:39:55.412000; sim ;2 ;261
54f886022330e05385b34f26; 2015-03-05 16:40:09.561000; 2015-03-05 16:40:23.898000; sim ;2 ;262
54f886022330e05385b34f27; 2015-03-05 16:40:15.944000; 2015-03-05 16:40:30.346000; sim ;2 ;263
54f886022330e05385b34f28; 2015-03-05 16:39:34.812000; 2015-03-05 16:39:48.355000; sim ;2 ;264
54f886022330e05385b34f29; 2015-03-05 16:39:30.812000; 2015-03-05 16:39:45.152000; sim ;2 ;265
54f886022330e05385b34f2a; 2015-03-05 16:39:29.770000; 2015-03-05 16:39:44.170000; sim ;2 ;266
54f886022330e05385b34f2b; 2015-03-05 16:39:37.974000; 2015-03-05 16:39:50.731000; sim ;2 ;267
54f886022330e05385b34f2c; 2015-03-05 16:39:38.125000; 2015-03-05 16:39:51.173000; sim ;2 ;268
54f886022330e05385b34f2d; 2015-03-05 16:39:51.728000; 2015-03-05 16:40:04.575000; sim ;2 ;269
54f886022330e05385b34f2e; 2015-03-05 16:39:30.173000; 2015-03-05 16:39:44.496000; sim ;2 ;270
54f886022330e05385b34f2f; 2015-03-05 16:39:41.888000; 2015-03-05 16:39:57.913000; sim ;2 ;271
54f886022330e05385b34f30; 2015-03-05 16:38:42.647000; 2015-03-05 16:38:51.072000; sim ;2 ;272
54f886022330e05385b34f31; 2015-03-05 16:38:03.744000; 2015-03-05 16:38:11.443000; sim ;2 ;273
54f886022330e05385b34f32; 2015-03-05 16:39:17.409000; 2015-03-05 16:39:32.160000; sim ;2 ;274
54f886022330e05385b34f33; 2015-03-05 16:38:41.042000; 2015-03-05 16:38:49.698000; sim ;2 ;275
54f886022330e05385b34f34; 2015-03-05 16:38:25.870000; 2015-03-05 16:38:38.896000; sim ;2 ;276
54f886022330e05385b34f35; 2015-03-05 16:39:53.677000; 2015-03-05 16:40:06.314000; sim ;2 ;277
54f886022330e05385b34f36; 2015-03-05 16:39:35.770000; 2015-03-05 16:39:50.301000; sim ;2 ;278
54f886022330e05385b34f37; 2015-03-05 16:38:20.345000; 2015-03-05 16:38:28.030000; sim ;2 ;279
54f886022330e05385b34f38; 2015-03-05 16:38:50.537000; 2015-03-05 16:39:05.460000; sim ;2 ;280
54f886022330e05385b34f39; 2015-03-05 16:38:58.462000; 2015-03-05 16:39:13.064000; sim ;2 ;281
54f886022330e05385b34f3a; 2015-03-05 16:37:43.428000; 2015-03-05 16:37:50.431000; sim ;2 ;282
54f886022330e05385b34f3b; 2015-03-05 16:38:50.867000; 2015-03-05 16:39:04.959000; sim ;2 ;283
54f886022330e05385b34f3c; 2015-03-05 16:38:45.428000; 2015-03-05 16:38:53.354000; sim ;2 ;284
54f886022330e05385b34f3d; 2015-03-05 16:40:00.919000; 2015-03-05 16:40:14.129000; sim ;2 ;285
54f886022330e05385b34f3e; 2015-03-05 16:39:46.906000; 2015-03-05 16:40:02.099000; sim ;2 ;286
54f886022330e05385b34f3f; 2015-03-05 16:40:01.980000; 2015-03-05 16:40:18.263000; sim ;2 ;287
54f886022330e05385b34f40; 2015-03-05 16:40:03.167000; 2015-03-05 16:40:16.893000; sim ;2 ;288
54f886022330e05385b34f41; 2015-03-05 16:37:55.843000; 2015-03-05 16:38:04.533000; sim ;2 ;289
54f886022330e05385b34f42; 2015-03-05 16:40:04.733000; 2015-03-05 16:40:19.239000; sim ;2 ;290
54f886022330e05385b34f43; 2015-03-05 16:40:05.675000; 2015-03-05 16:40:19.908000; sim ;2 ;291
54f886022330e05385b34f44; 2015-03-05 16:40:06.170000; 2015-03-05 16:40:20.355000; sim ;2 ;292
54f886022330e05385b34f45; 2015-03-05 16:38:07.793000; 2015-03-05 16:38:15.475000; sim ;2 ;293
54f886022330e05385b34f46; 2015-03-05 16:40:06.944000; 2015-03-05 16:40:18.858000; sim ;2 ;294
54f886022330e05385b34f47; 2015-03-05 16:40:07.104000; 2015-03-05 16:40:18.867000; sim ;2 ;295
54f886022330e05385b34f48; 2015-03-05 16:40:07.639000; 2015-03-05 16:40:20.369000; sim ;2 ;296
54f886022330e05385b34f49; 2015-03-05 16:40:03.486000; 2015-03-05 16:40:18.531000; sim ;2 ;297
54f886022330e05385b34f4a; 2015-03-05 16:40:07.790000; 2015-03-05 16:40:20.381000; sim ;2 ;298
54f886022330e05385b34f4b; 2015-03-05 16:40:08.208000; 2015-03-05 16:40:21.700000; sim ;2 ;299
54f886022330e05385b34f4c; 2015-03-05 16:40:09.283000; 2015-03-05 16:40:23.887000; sim ;2 ;300
54f886022330e05385b34f4d; 2015-03-05 16:38:17.910000; 2015-03-05 16:38:25.133000; sim ;2 ;301
54f886022330e05385b34f4e; 2015-03-05 16:40:09.887000; 2015-03-05 16:40:24.229000; sim ;2 ;302
54f886022330e05385b34f4f; 2015-03-05 16:40:10.239000; 2015-03-05 16:40:27.326000; sim ;2 ;303
54f886022330e05385b34f50; 2015-03-05 16:40:10.520000; 2015-03-05 16:40:26.728000; sim ;2 ;304
54f886022330e05385b34f51; 2015-03-05 16:40:10.668000; 2015-03-05 16:40:22.428000; sim ;2 ;305
54f886022330e05385b34f52; 2015-03-05 16:40:10.829000; 2015-03-05 16:40:24.240000; sim ;2 ;306
54f886022330e05385b34f53; 2015-03-05 16:37:56.204000; 2015-03-05 16:38:05.292000; sim ;2 ;307
54f886022330e05385b34f54; 2015-03-05 16:38:24.139000; 2015-03-05 16:38:35.439000; sim ;2 ;308
54f886022330e05385b34f55; 2015-03-05 16:38:41.280000; 2015-03-05 16:38:49.055000; sim ;2 ;309
54f886022330e05385b34f56; 2015-03-05 16:38:55.305000; 2015-03-05 16:39:11.537000; sim ;2 ;310
54f886022330e05385b34f57; 2015-03-05 16:38:58.624000; 2015-03-05 16:39:13.079000; sim ;2 ;311
54f886022330e05385b34f58; 2015-03-05 16:39:11.980000; 2015-03-05 16:39:28.158000; sim ;2 ;312
54f886022330e05385b34f59; 2015-03-05 16:38:10.277000; 2015-03-05 16:38:17.540000; sim ;2 ;313
54f886032330e05385b34f5a; 2015-03-05 16:40:11.980000; 2015-03-05 16:40:26.407000; sim ;2 ;314
54f886032330e05385b34f5b; 2015-03-05 16:38:25.509000; 2015-03-05 16:38:40.106000; sim ;2 ;315
54f886032330e05385b34f5c; 2015-03-05 16:38:25.694000; 2015-03-05 16:38:38.888000; sim ;2 ;316
54f886032330e05385b34f5d; 2015-03-05 16:38:26.215000; 2015-03-05 16:38:39.603000; sim ;2 ;317
54f886032330e05385b34f5e; 2015-03-05 16:38:28.404000; 2015-03-05 16:38:41.816000; sim ;2 ;318
54f886032330e05385b34f5f; 2015-03-05 16:38:33.339000; 2015-03-05 16:38:44.033000; sim ;2 ;319
54f886032330e05385b34f60; 2015-03-05 16:39:42.458000; 2015-03-05 16:39:57.011000; sim ;2 ;320
54f886032330e05385b34f61; 2015-03-05 16:38:41.465000; 2015-03-05 16:38:49.703000; sim ;2 ;321
54f886032330e05385b34f62; 2015-03-05 16:38:32.010000; 2015-03-05 16:38:43.484000; sim ;2 ;322
54f886032330e05385b34f63; 2015-03-05 16:38:00.008000; 2015-03-05 16:38:09.698000; sim ;2 ;323
54f886032330e05385b34f64; 2015-03-05 16:38:51.311000; 2015-03-05 16:39:05.804000; sim ;2 ;324
54f886032330e05385b34f65; 2015-03-05 16:38:52.435000; 2015-03-05 16:39:07.930000; sim ;2 ;325
54f886032330e05385b34f66; 2015-03-05 16:38:54.323000; 2015-03-05 16:39:11.524000; sim ;2 ;326
54f886032330e05385b34f67; 2015-03-05 16:37:35.013000; 2015-03-05 16:37:42.300000; sim ;2 ;327
54f886032330e05385b34f68; 2015-03-05 16:38:05.079000; 2015-03-05 16:38:12.578000; sim ;2 ;328
54f886032330e05385b34f69; 2015-03-05 16:37:48.236000; 2015-03-05 16:37:55.303000; sim ;2 ;329
54f886032330e05385b34f6a; 2015-03-05 16:37:54.209000; 2015-03-05 16:38:02.762000; sim ;2 ;330
54f886032330e05385b34f6b; 2015-03-05 16:37:56.339000; 2015-03-05 16:38:05.297000; sim ;2 ;331
54f886032330e05385b34f6c; 2015-03-05 16:38:58.783000; 2015-03-05 16:39:13.428000; sim ;2 ;332
54f886032330e05385b34f6d; 2015-03-05 16:39:08.576000; 2015-03-05 16:39:24.505000; sim ;2 ;333
54f886032330e05385b34f6e; 2015-03-05 16:38:06.655000; 2015-03-05 16:38:14.804000; sim ;2 ;334
54f886032330e05385b34f6f; 2015-03-05 16:39:20.297000; 2015-03-05 16:39:33.969000; sim ;2 ;335
54f886032330e05385b34f70; 2015-03-05 16:38:20.532000; 2015-03-05 16:38:28.558000; sim ;2 ;336
54f886032330e05385b34f71; 2015-03-05 16:39:29.008000; 2015-03-05 16:39:50.292000; sim ;2 ;337
54f886032330e05385b34f72; 2015-03-05 16:38:26.045000; 2015-03-05 16:38:39.597000; sim ;2 ;338
54f886032330e05385b34f73; 2015-03-05 16:38:26.568000; 2015-03-05 16:38:39.949000; sim ;2 ;339
54f886032330e05385b34f74; 2015-03-05 16:38:26.745000; 2015-03-05 16:38:40.421000; sim ;2 ;340
54f886032330e05385b34f75; 2015-03-05 16:39:40.078000; 2015-03-05 16:39:57.340000; sim ;2 ;341
54f886032330e05385b34f76; 2015-03-05 16:38:38.592000; 2015-03-05 16:38:46.134000; sim ;2 ;342
54f886032330e05385b34f77; 2015-03-05 16:39:48.929000; 2015-03-05 16:40:01.711000; sim ;2 ;343
54f886032330e05385b34f78; 2015-03-05 16:38:46.611000; 2015-03-05 16:38:54.880000; sim ;2 ;344
54f886032330e05385b34f79; 2015-03-05 16:39:52.673000; 2015-03-05 16:40:05.962000; sim ;2 ;345
54f886032330e05385b34f7a; 2015-03-05 16:38:52.684000; 2015-03-05 16:39:08.377000; sim ;2 ;346
54f886032330e05385b34f7b; 2015-03-05 16:40:12.997000; 2015-03-05 16:40:27.336000; sim ;2 ;347
54f886032330e05385b34f7c; 2015-03-05 16:39:24.852000; 2015-03-05 16:39:40.480000; sim ;2 ;348
54f886032330e05385b34f7d; 2015-03-05 16:39:22.342000; 2015-03-05 16:39:38.924000; sim ;2 ;349
54f886032330e05385b34f7e; 2015-03-05 16:40:13.463000; 2015-03-05 16:40:28.041000; sim ;2 ;350
54f886032330e05385b34f7f; 2015-03-05 16:39:26.407000; 2015-03-05 16:39:41.729000; sim ;2 ;351
54f886032330e05385b34f80; 2015-03-05 16:38:58.930000; 2015-03-05 16:39:13.441000; sim ;2 ;352
54f886032330e05385b34f81; 2015-03-05 16:39:30.666000; 2015-03-05 16:39:44.823000; sim ;2 ;353
54f886032330e05385b34f82; 2015-03-05 16:40:13.624000; 2015-03-05 16:40:28.428000; sim ;2 ;354
54f886032330e05385b34f83; 2015-03-05 16:39:40.225000; 2015-03-05 16:39:54.065000; sim ;2 ;355
54f886032330e05385b34f84; 2015-03-05 16:39:42.608000; 2015-03-05 16:39:57.021000; sim ;2 ;356
54f886032330e05385b34f85; 2015-03-05 16:40:00.387000; 2015-03-05 16:40:12.130000; sim ;2 ;357
54f886032330e05385b34f86; 2015-03-05 16:40:13.855000; 2015-03-05 16:40:28.759000; sim ;2 ;358
54f886032330e05385b34f87; 2015-03-05 16:38:43.033000; 2015-03-05 16:38:51.478000; sim ;2 ;359
54f886032330e05385b34f88; 2015-03-05 16:40:14.913000; 2015-03-05 16:40:29.531000; sim ;2 ;360
54f886032330e05385b34f89; 2015-03-05 16:38:59.074000; 2015-03-05 16:39:14.332000; sim ;2 ;361
54f886032330e05385b34f8a; 2015-03-05 16:40:15.793000; 2015-03-05 16:40:29.887000; sim ;2 ;362
54f886032330e05385b34f8b; 2015-03-05 16:39:54.279000; 2015-03-05 16:40:04.860000; sim ;2 ;363
54f886032330e05385b34f8c; 2015-03-05 16:40:25.029000; 2015-03-05 16:40:40.226000; sim ;2 ;364
54f886032330e05385b34f8d; 2015-03-05 16:40:25.450000; 2015-03-05 16:40:39.939000; sim ;2 ;365
54f886032330e05385b34f8e; 2015-03-05 16:39:05.305000; 2015-03-05 16:39:21.335000; sim ;2 ;366
54f886032330e05385b34f8f; 2015-03-05 16:39:26.151000; 2015-03-05 16:39:38.669000; sim ;2 ;367
54f886032330e05385b34f90; 2015-03-05 16:40:25.874000; 2015-03-05 16:40:41.547000; sim ;2 ;368
54f886032330e05385b34f91; 2015-03-05 16:39:59.801000; 2015-03-05 16:40:11.731000; sim ;2 ;369
54f886032330e05385b34f92; 2015-03-05 16:38:54.546000; 2015-03-05 16:39:11.218000; sim ;2 ;370
54f886032330e05385b34f93; 2015-03-05 16:38:59.213000; 2015-03-05 16:39:13.771000; sim ;2 ;371
54f886032330e05385b34f94; 2015-03-05 16:38:59.355000; 2015-03-05 16:39:14.046000; sim ;2 ;372
54f886032330e05385b34f95; 2015-03-05 16:38:59.496000; 2015-03-05 16:39:15.084000; sim ;2 ;373
54f886032330e05385b34f96; 2015-03-05 16:38:59.645000; 2015-03-05 16:39:14.812000; sim ;2 ;374
54f886032330e05385b34f97; 2015-03-05 16:38:59.784000; 2015-03-05 16:39:15.094000; sim ;2 ;375
54f886032330e05385b34f98; 2015-03-05 16:38:59.932000; 2015-03-05 16:39:15.482000; sim ;2 ;376
54f886032330e05385b34f99; 2015-03-05 16:39:00.084000; 2015-03-05 16:39:15.491000; sim ;2 ;377
54f886032330e05385b34f9a; 2015-03-05 16:38:46.842000; 2015-03-05 16:38:54.892000; sim ;2 ;378
54f886032330e05385b34f9b; 2015-03-05 16:39:00.227000; 2015-03-05 16:39:15.500000; sim ;2 ;379
54f886032330e05385b34f9c; 2015-03-05 16:39:01.066000; 2015-03-05 16:39:16.108000; sim ;2 ;380
54f886032330e05385b34f9d; 2015-03-05 16:39:55.897000; 2015-03-05 16:40:08.591000; sim ;2 ;381
54f886032330e05385b34f9e; 2015-03-05 16:39:39.642000; 2015-03-05 16:39:53.216000; sim ;2 ;382
54f886032330e05385b34f9f; 2015-03-05 16:39:05.977000; 2015-03-05 16:39:21.865000; sim ;2 ;383
54f886032330e05385b34fa0; 2015-03-05 16:39:24.067000; 2015-03-05 16:39:37.692000; sim ;2 ;384
54f886032330e05385b34fa1; 2015-03-05 16:39:29.311000; 2015-03-05 16:39:45.139000; sim ;2 ;385
54f886032330e05385b34fa2; 2015-03-05 16:38:54.728000; 2015-03-05 16:39:10.816000; sim ;2 ;386
54f886032330e05385b34fa3; 2015-03-05 16:40:26.296000; 2015-03-05 16:40:41.167000; sim ;2 ;387
54f886032330e05385b34fa4; 2015-03-05 16:39:07.468000; 2015-03-05 16:39:23.149000; sim ;2 ;388
54f886032330e05385b34fa5; 2015-03-05 16:39:11.838000; 2015-03-05 16:39:27.803000; sim ;2 ;389
54f886032330e05385b34fa6; 2015-03-05 16:38:55.122000; 2015-03-05 16:39:11.530000; sim ;2 ;390
54f886032330e05385b34fa7; 2015-03-05 16:38:55.446000; 2015-03-05 16:39:11.545000; sim ;2 ;391
54f886032330e05385b34fa8; 2015-03-05 16:39:03.330000; 2015-03-05 16:39:19.627000; sim ;2 ;392
54f886032330e05385b34fa9; 2015-03-05 16:40:16.736000; 2015-03-05 16:40:36.676000; sim ;2 ;393
54f886032330e05385b34faa; 2015-03-05 16:39:23.040000; 2015-03-05 16:39:36.737000; sim ;2 ;394
54f886032330e05385b34fab; 2015-03-05 16:38:57.005000; 2015-03-05 16:39:10.821000; sim ;2 ;395
54f886032330e05385b34fac; 2015-03-05 16:39:00.373000; 2015-03-05 16:39:16.063000; sim ;2 ;396
54f886032330e05385b34fad; 2015-03-05 16:37:38.701000; 2015-03-05 16:37:45.869000; sim ;2 ;397
54f886032330e05385b34fae; 2015-03-05 16:40:05.066000; 2015-03-05 16:40:19.522000; sim ;2 ;398
54f886032330e05385b34faf; 2015-03-05 16:39:00.515000; 2015-03-05 16:39:16.078000; sim ;2 ;399
54f886032330e05385b34fb0; 2015-03-05 16:39:00.666000; 2015-03-05 16:39:16.087000; sim ;2 ;400
54f886032330e05385b34fb1; 2015-03-05 16:39:00.807000; 2015-03-05 16:39:16.095000; sim ;2 ;401
54f886032330e05385b34fb2; 2015-03-05 16:39:01.367000; 2015-03-05 16:39:16.117000; sim ;2 ;402
54f886032330e05385b34fb3; 2015-03-05 16:39:02.280000; 2015-03-05 16:39:15.525000; sim ;2 ;403
54f886032330e05385b34fb4; 2015-03-05 16:39:11.410000; 2015-03-05 16:39:28.146000; sim ;2 ;404
54f886032330e05385b34fb5; 2015-03-05 16:39:19.469000; 2015-03-05 16:39:31.826000; sim ;2 ;405
54f886032330e05385b34fb6; 2015-03-05 16:39:16.965000; 2015-03-05 16:39:31.512000; sim ;2 ;406
54f886032330e05385b34fb7; 2015-03-05 16:39:25.005000; 2015-03-05 16:39:37.708000; sim ;2 ;407
54f886032330e05385b34fb8; 2015-03-05 16:39:17.109000; 2015-03-05 16:39:31.254000; sim ;2 ;408
54f886032330e05385b34fb9; 2015-03-05 16:39:13.660000; 2015-03-05 16:39:28.176000; sim ;2 ;409
54f886032330e05385b34fba; 2015-03-05 16:39:46.332000; 2015-03-05 16:40:00.779000; sim ;2 ;410
54f886032330e05385b34fbb; 2015-03-05 16:39:12.231000; 2015-03-05 16:39:28.671000; sim ;2 ;411
54f886032330e05385b34fbc; 2015-03-05 16:39:12.546000; 2015-03-05 16:39:28.686000; sim ;2 ;412
54f886032330e05385b34fbd; 2015-03-05 16:39:17.707000; 2015-03-05 16:39:32.687000; sim ;2 ;413
54f886032330e05385b34fbe; 2015-03-05 16:39:17.849000; 2015-03-05 16:39:32.949000; sim ;2 ;414
54f886032330e05385b34fbf; 2015-03-05 16:39:17.997000; 2015-03-05 16:39:32.961000; sim ;2 ;415
54f886032330e05385b34fc0; 2015-03-05 16:39:18.277000; 2015-03-05 16:39:34.925000; sim ;2 ;416
54f886032330e05385b34fc1; 2015-03-05 16:39:18.990000; 2015-03-05 16:39:34.357000; sim ;2 ;417
54f886032330e05385b34fc2; 2015-03-05 16:39:20.451000; 2015-03-05 16:39:34.375000; sim ;2 ;418
54f886032330e05385b34fc3; 2015-03-05 16:39:20.741000; 2015-03-05 16:39:34.395000; sim ;2 ;419
54f886032330e05385b34fc4; 2015-03-05 16:39:21.754000; 2015-03-05 16:39:34.969000; sim ;2 ;420
54f886032330e05385b34fc5; 2015-03-05 16:39:22.020000; 2015-03-05 16:39:37.309000; sim ;2 ;421
54f886032330e05385b34fc6; 2015-03-05 16:39:22.477000; 2015-03-05 16:39:35.600000; sim ;2 ;422
54f886032330e05385b34fc7; 2015-03-05 16:39:24.231000; 2015-03-05 16:39:37.326000; sim ;2 ;423
54f886032330e05385b34fc8; 2015-03-05 16:39:24.697000; 2015-03-05 16:39:39.921000; sim ;2 ;424
54f886032330e05385b34fc9; 2015-03-05 16:39:23.621000; 2015-03-05 16:39:42.150000; sim ;2 ;425
54f886032330e05385b34fca; 2015-03-05 16:39:23.915000; 2015-03-05 16:39:37.317000; sim ;2 ;426
54f886032330e05385b34fcb; 2015-03-05 16:39:36.614000; 2015-03-05 16:39:54.665000; sim ;2 ;427
54f886032330e05385b34fcc; 2015-03-05 16:39:27.994000; 2015-03-05 16:39:44.486000; sim ;2 ;428
54f886032330e05385b34fcd; 2015-03-05 16:39:31.710000; 2015-03-05 16:39:47.167000; sim ;2 ;429
54f886032330e05385b34fce; 2015-03-05 16:39:32.838000; 2015-03-05 16:39:44.184000; sim ;2 ;430
54f886032330e05385b34fcf; 2015-03-05 16:40:03.330000; 2015-03-05 16:40:17.207000; sim ;2 ;431
54f886032330e05385b34fd0; 2015-03-05 16:39:24.385000; 2015-03-05 16:39:37.701000; sim ;2 ;432
54f886032330e05385b34fd1; 2015-03-05 16:40:17.089000; 2015-03-05 16:40:36.147000; sim ;2 ;433
54f886032330e05385b34fd2; 2015-03-05 16:39:01.520000; 2015-03-05 16:39:16.707000; sim ;2 ;434
54f886032330e05385b34fd3; 2015-03-05 16:39:01.665000; 2015-03-05 16:39:15.507000; sim ;2 ;435
54f886032330e05385b34fd4; 2015-03-05 16:40:17.410000; 2015-03-05 16:40:27.345000; sim ;2 ;436
54f886032330e05385b34fd5; 2015-03-05 16:40:14.767000; 2015-03-05 16:40:25.302000; sim ;2 ;437
54f886032330e05385b34fd6; 2015-03-05 16:39:01.818000; 2015-03-05 16:39:15.104000; sim ;2 ;438
54f886032330e05385b34fd7; 2015-03-05 16:38:02.469000; 2015-03-05 16:38:10.476000; sim ;2 ;439
54f886032330e05385b34fd8; 2015-03-05 16:38:26.873000; 2015-03-05 16:38:40.579000; sim ;2 ;440
54f886032330e05385b34fd9; 2015-03-05 16:40:08.742000; 2015-03-05 16:40:22.697000; sim ;2 ;441
54f886032330e05385b34fda; 2015-03-05 16:38:57.338000; 2015-03-05 16:39:14.325000; sim ;2 ;442
54f886032330e05385b34fdb; 2015-03-05 16:39:01.969000; 2015-03-05 16:39:15.518000; sim ;2 ;443
54f886032330e05385b34fdc; 2015-03-05 16:39:33.509000; 2015-03-05 16:39:46.178000; sim ;2 ;444
54f886032330e05385b34fdd; 2015-03-05 16:39:33.240000; 2015-03-05 16:39:44.832000; sim ;2 ;445
54f886032330e05385b34fde; 2015-03-05 16:39:27.490000; 2015-03-05 16:39:43.769000; sim ;2 ;446
54f886032330e05385b34fdf; 2015-03-05 16:39:03.795000; 2015-03-05 16:39:19.642000; sim ;2 ;447
54f886032330e05385b34fe0; 2015-03-05 16:39:20.894000; 2015-03-05 16:39:34.935000; sim ;2 ;448
54f886032330e05385b34fe1; 2015-03-05 16:39:38.553000; 2015-03-05 16:39:54.396000; sim ;2 ;449
54f886032330e05385b34fe2; 2015-03-05 16:39:52.832000; 2015-03-05 16:40:06.294000; sim ;2 ;450
54f886032330e05385b34fe3; 2015-03-05 16:39:14.211000; 2015-03-05 16:39:28.699000; sim ;2 ;451
54f886032330e05385b34fe4; 2015-03-05 16:39:30.975000; 2015-03-05 16:39:45.160000; sim ;2 ;452
54f886032330e05385b34fe5; 2015-03-05 16:39:11.067000; 2015-03-05 16:39:27.290000; sim ;2 ;453
54f886032330e05385b34fe6; 2015-03-05 16:40:17.676000; 2015-03-05 16:40:37.211000; sim ;2 ;454
54f886032330e05385b34fe7; 2015-03-05 16:40:18.003000; 2015-03-05 16:40:37.221000; sim ;2 ;455
54f886032330e05385b34fe8; 2015-03-05 16:40:06.679000; 2015-03-05 16:40:23.134000; sim ;2 ;456
54f886032330e05385b34fe9; 2015-03-05 16:39:55.298000; 2015-03-05 16:40:06.320000; sim ;2 ;457
54f886032330e05385b34fea; 2015-03-05 16:40:18.150000; 2015-03-05 16:40:28.775000; sim ;2 ;458
54f886032330e05385b34feb; 2015-03-05 16:40:15.063000; 2015-03-05 16:40:29.858000; sim ;2 ;459
54f886032330e05385b34fec; 2015-03-05 16:38:57.575000; 2015-03-05 16:39:12.088000; sim ;2 ;460
54f886032330e05385b34fed; 2015-03-05 16:38:57.765000; 2015-03-05 16:39:12.346000; sim ;2 ;461
54f886032330e05385b34fee; 2015-03-05 16:38:57.944000; 2015-03-05 16:39:12.352000; sim ;2 ;462
54f886032330e05385b34fef; 2015-03-05 16:38:52.921000; 2015-03-05 16:39:08.729000; sim ;2 ;463
54f886032330e05385b34ff0; 2015-03-05 16:39:02.124000; 2015-03-05 16:39:16.131000; sim ;2 ;464
54f886032330e05385b34ff1; 2015-03-05 16:39:01.225000; 2015-03-05 16:39:16.694000; sim ;2 ;465
54f886032330e05385b34ff2; 2015-03-05 16:39:59.027000; 2015-03-05 16:40:19.501000; sim ;2 ;466
54f886032330e05385b34ff3; 2015-03-05 16:39:03.641000; 2015-03-05 16:39:19.634000; sim ;2 ;467
54f886032330e05385b34ff4; 2015-03-05 16:39:44.059000; 2015-03-05 16:39:59.912000; sim ;2 ;468
54f886032330e05385b34ff5; 2015-03-05 16:39:22.734000; 2015-03-05 16:39:35.881000; sim ;2 ;469
54f886032330e05385b34ff6; 2015-03-05 16:40:12.432000; 2015-03-05 16:40:26.416000; sim ;2 ;470
54f886032330e05385b34ff7; 2015-03-05 16:39:32.317000; 2015-03-05 16:39:43.498000; sim ;2 ;471
54f886032330e05385b34ff8; 2015-03-05 16:39:29.918000; 2015-03-05 16:39:43.791000; sim ;2 ;472
54f886032330e05385b34ff9; 2015-03-05 16:39:39.068000; 2015-03-05 16:39:58.299000; sim ;2 ;473
54f886032330e05385b34ffa; 2015-03-05 16:39:15.373000; 2015-03-05 16:39:30.027000; sim ;2 ;474
54f886032330e05385b34ffb; 2015-03-05 16:39:17.260000; 2015-03-05 16:39:33.950000; sim ;2 ;475
54f886032330e05385b34ffc; 2015-03-05 16:39:17.555000; 2015-03-05 16:39:32.427000; sim ;2 ;476
54f886032330e05385b34ffd; 2015-03-05 16:39:18.138000; 2015-03-05 16:39:33.349000; sim ;2 ;477
54f886042330e05385b34ffe; 2015-03-05 16:39:18.847000; 2015-03-05 16:39:33.959000; sim ;2 ;478
54f886042330e05385b34fff; 2015-03-05 16:39:19.147000; 2015-03-05 16:39:34.365000; sim ;2 ;479
54f886042330e05385b35000; 2015-03-05 16:39:20.148000; 2015-03-05 16:39:32.970000; sim ;2 ;480
54f886042330e05385b35001; 2015-03-05 16:39:20.600000; 2015-03-05 16:39:34.385000; sim ;2 ;481
54f886042330e05385b35002; 2015-03-05 16:39:21.207000; 2015-03-05 16:39:34.954000; sim ;2 ;482
54f886042330e05385b35003; 2015-03-05 16:39:21.050000; 2015-03-05 16:39:34.944000; sim ;2 ;483
54f886042330e05385b35004; 2015-03-05 16:39:36.201000; 2015-03-05 16:39:50.307000; sim ;2 ;484
54f886042330e05385b35005; 2015-03-05 16:39:28.520000; 2015-03-05 16:39:45.531000; sim ;2 ;485
54f886042330e05385b35006; 2015-03-05 16:39:29.162000; 2015-03-05 16:39:45.903000; sim ;2 ;486
54f886042330e05385b35007; 2015-03-05 16:39:23.357000; 2015-03-05 16:39:38.394000; sim ;2 ;487
54f886042330e05385b35008; 2015-03-05 16:38:52.162000; 2015-03-05 16:39:07.094000; sim ;2 ;488
54f886042330e05385b35009; 2015-03-05 16:39:34.231000; 2015-03-05 16:39:47.175000; sim ;2 ;489
54f886042330e05385b3500a; 2015-03-05 16:39:12.694000; 2015-03-05 16:39:25.964000; sim ;2 ;490
54f886042330e05385b3500b; 2015-03-05 16:38:58.131000; 2015-03-05 16:39:12.810000; sim ;2 ;491
54f886042330e05385b3500c; 2015-03-05 16:39:49.072000; 2015-03-05 16:40:02.118000; sim ;2 ;492
54f886042330e05385b3500d; 2015-03-05 16:39:15.932000; 2015-03-05 16:39:30.288000; sim ;2 ;493
54f886042330e05385b3500e; 2015-03-05 16:39:41.356000; 2015-03-05 16:39:55.686000; sim ;2 ;494
54f886042330e05385b3500f; 2015-03-05 16:39:56.051000; 2015-03-05 16:40:07.482000; sim ;2 ;495
54f886042330e05385b35010; 2015-03-05 16:38:27.016000; 2015-03-05 16:38:40.585000; sim ;2 ;496
54f886042330e05385b35011; 2015-03-05 16:40:14.350000; 2015-03-05 16:40:31.235000; sim ;2 ;497
54f886042330e05385b35012; 2015-03-05 16:40:18.410000; 2015-03-05 16:40:37.754000; sim ;2 ;498
54f886042330e05385b35013; 2015-03-05 16:39:03.177000; 2015-03-05 16:39:19.257000; sim ;2 ;499
54f886042330e05385b35014; 2015-03-05 16:39:48.770000; 2015-03-05 16:40:01.704000; sim ;2 ;500
54f886042330e05385b35015; 2015-03-05 16:40:03.018000; 2015-03-05 16:40:17.199000; sim ;2 ;501
54f886042330e05385b35016; 2015-03-05 16:38:12.960000; 2015-03-05 16:38:20.013000; sim ;2 ;502
54f886042330e05385b35017; 2015-03-05 16:39:36.941000; 2015-03-05 16:39:50.721000; sim ;2 ;503
54f886042330e05385b35018; 2015-03-05 16:39:22.886000; 2015-03-05 16:39:36.731000; sim ;2 ;504
54f886042330e05385b35019; 2015-03-05 16:39:14.527000; 2015-03-05 16:39:29.421000; sim ;2 ;505
54f886042330e05385b3501a; 2015-03-05 16:39:33.831000; 2015-03-05 16:39:46.445000; sim ;2 ;506
54f886042330e05385b3501b; 2015-03-05 16:39:48.244000; 2015-03-05 16:40:04.304000; sim ;2 ;507
54f886042330e05385b3501c; 2015-03-05 16:40:02.624000; 2015-03-05 16:40:18.521000; sim ;2 ;508
54f886042330e05385b3501d; 2015-03-05 16:39:23.773000; 2015-03-05 16:39:37.055000; sim ;2 ;509
54f886042330e05385b3501e; 2015-03-05 16:39:10.271000; 2015-03-05 16:39:22.588000; sim ;2 ;510
54f886042330e05385b3501f; 2015-03-05 16:39:03.479000; 2015-03-05 16:39:19.273000; sim ;2 ;511
54f886042330e05385b35020; 2015-03-05 16:39:36.345000; 2015-03-05 16:39:50.712000; sim ;2 ;512
54f888822330e05385b35021; 2015-03-05 16:47:01.558000; 2015-03-05 16:47:09.363000; ana ; 2; 1
54f889d92330e05385b35022; 2015-03-05 16:52:44.285000; 2015-03-05 17:12:47.764000; ana ; 2; 1
54f88f502330e05385b35023; 2015-03-05 17:16:02.504000; 2015-03-05 17:19:07.732000; ana ; 2; 1
